70912206,beki,2019-10-25 10:20:31,虽然但是 高三不收手机吗,还行,13424,30166972,少年的你
lingrui1995,凌睿,2019-10-25 13:35:36,"面对坠楼，他们忙着拍照发微信，只有她为她盖上衣服。
面对欺凌，他们假装没看见，只有她选择报警。
因为盖衣服，她成了下一个被欺凌的人；
因为报警，她遭到疯狂报复。
袖手旁观的人平安无事，制止恶行却受到牵连。
被欺凌了没人管，欺凌你的人死了马上就管了。
受到伤害无法得到保护，犯了罪绝不让你少判一天。
当初不重视你的遭遇；
如今却想尽快结案，让你接受法律制裁。
人人都说可以帮你，其实没有人能帮你。
受过教育不一定就品质高尚；
没上过学也可以善良正直。
家境富裕的好学生其实是校园霸凌的始作俑者；
你眼中的小混混却真正付出行动保护弱者。
你只看到他打架，却没看到他是为被欺凌的人挺身而出。
你不会无私奉献，我也不会，但是他会。
为了帮助她实现梦想，他甘愿献出一切。
你保护世界，我保护你。
只有你赢了，我才不算输。",推荐,33483,30166972,少年的你
136717773,寻鹑上,2019-10-25 09:44:39,对易烊千玺本来是路人的，但是被他演技惊到了…真的，演的好，和周冬雨对视那场戏，我也跟着哭了。,力荐,24459,30166972,少年的你
flxjp,法兰西胶片,2019-10-25 23:21:16,曾国祥好得有点不能理解了，他是用什么意识拍出模拟考试结束后全班按分数重新排座位然后整个班级在那搬桌搬椅搬来搬去的，他怎么知道这么多大陆青少年不自觉的常识的？并且搬桌子的形态和校外不良少年打麻将做成生存质感上的呼应，生而围困，出局即亡。《少年的你》远不是反欺凌所覆盖得了的，成人毒鸡汤的灌输（长大就是一场跳水），青春期微妙的问候（热不热？硬不硬？），惊悚元素活学活用（开场自杀戏调度），剪辑上的神功（高考试卷开封镜头切挖掘机镜头），有点超出想象了。和导演的神奇一起起步的还有周冬雨开挂三年的神演技，到现在真实的不可阻挡了，越是需要封闭空间上的情绪，死角中被制压的求生欲，越是能调动起来，她所有的笑着哭或哭着笑都是最多义的，还有她特别经得起卡在额头到下巴的大特写，她是表演坚定的弱者的天才。,推荐,19512,30166972,少年的你
132223067,郑二千小姐,2019-10-25 09:34:01,恶意就是这样的，无端的针对一个人，即使别人没有做错什么。,力荐,16166,30166972,少年的你
4901199,刘十九,2019-10-25 10:01:51,经历过校园霸凌的人很难走出来，但可以在电影里好好哭一场,推荐,22047,30166972,少年的你
diewithme,王大根,2019-10-25 13:38:41,修改的部分应该不多，估计就是删除了跳楼尸体和一些霸凌的正面镜头？本来以为会是比较虚化背景的文艺青春片，没想到高考元素竟然占了相当大的比重，简直有点《毛坦厂中学高考杀人事件》的意思了，Good Choice！易烊千玺戏份不算特别多，但也没太掉链子，当然其实还是周冬雨主场，这么看来一个周冬雨吊打八个马思纯也没问题啊……我不得不由衷地感叹，国内第一代养成系偶像终于愿意长大了，能演吻戏了，能抽烟了，最重要的是能开黄腔了！我们老姐姐等这一天等了多久啊……,推荐,17228,30166972,少年的你
1688865,嘛咪嘛咪吽,2019-10-25 10:31:13,易烊千玺挺好，只是粉丝太尬了,未评分,3361,30166972,少年的你
182015996,民事执行处,2019-10-25 09:52:54,主演周冬雨和易烊千玺选角实在巧妙，周冬雨演出十七八岁少女毫不违和。易烊千玺演出时我能完全脱离他以往乖乖小孩的印象，在我面前就是一个执拗满身是刺，深处泥淖在自我放弃边缘挣扎的问题少年。,力荐,14264,30166972,少年的你
48369193,二十二岛主,2019-10-25 11:12:37,买的最早的9点场，看完有点恍惚，不清楚这是不是想看到的《少年的你》。它很真实，又有点生硬。真实在于它对暴力、人性和迷茫最直观的呈现，生硬在于电影片头片尾求生欲极强的“和谐导语”，以及一看就是后配上去的美化教育和法律制度的台词。《少年的你》最终还是妥协了，我相信原来的版本会更加灰暗，更加令人心疼。陈念问小北：你可以保护我吗？同样的问题问自己，我们其实根本没能力保护这样一部电影，戏中从头至尾呈现的无力感也带到了戏外。我们没办法改变校园欺凌现象仍然存在的现实，甚至没办法完整看到一部讲述这个题材的电影。易烊千玺很好，他为小北赋予了一种在成熟与稚嫩间徘徊的少年感，而这正是这一角色最重要的特质。小北在成长，陈念在成长，易烊千玺在成长，曾国祥的创作在成长，我们也在成长。只要成长，就还有希望，不是吗？,推荐,8029,30166972,少年的你
179568392,随便起一名儿,2019-10-25 09:37:41,看了电影首映 两位主演演得很出彩 各种情绪和无助感体现很到位 让我很有共情 四字弟弟的表演很惊喜 和小黄鸭搭档没有输 曾国祥导演的叙事能力还是很赞 五分！！,力荐,14485,30166972,少年的你
qijiuzhiyue,桃桃林林,2019-10-25 17:28:58,这个题材，做成这样，真的很不容易了。尤其是，影片在影像上非常有特点，大量的特写镜头、跟拍、手持，以及碎片式剪辑，营造出强烈的恐慌与不安感。这种情绪，其实就是角色在片中的情绪，它以影像的方式，最直接延伸给观众。易烊千玺和周冬雨的表现都很不错，起码，他们都经住了大银幕特写的考验，而且，又都有各自的变化。导演其实很多小野心，比如可以看看他是怎么处理校园空间和调度的。“只有你赢，我才不算输”，很伤感，也很中二。,推荐,6726,30166972,少年的你
xilouchen,西楼尘,2019-10-25 14:04:05,脸上那么脏，可是她干净；身上都是伤，但是他不疼。想变聪明，押得中人生；想变强大，足够保护她。选择相信我，从阴沟里爬出，想活命就闭嘴。跟在你身后，不能同路不能并肩，自己学着长大。只有你赢我才没输，你在乐园我才在天堂。陈念欠小北的不是钱不是饭，是高考结束那天，牵着手迈过十八岁的盛夏。,推荐,5759,30166972,少年的你
203696351,没有人比我更可,2019-10-25 09:35:33,路人，只看过小说，才去看的电影啊。完全就是我心里的小北和陈念啊。超级好看的，想象不出来竟然是四字，竟然这么厉害。,力荐,13017,30166972,少年的你
zhangzongqian,亵渎电影,2019-10-25 23:39:45,故事的层次感做的非常好，几股力道最终指向残酷绝望且具有社会现实意义的主题，还有一些不便明说的细节，还挺直白生猛的。片子越往后导演的水平也越强，第三幕走向男孩女孩内心戏之后，无言的高潮像是被是枝裕和的《第三度嫌疑人》附体一般，导演的视听语言做的非常优秀。在这部电影里，一切都是加分项，这很少见，在内地的审查大环境下，还能做出这样的电影，这个创作团队也很少见！走出电影院之后，觉得说什么都是多余的，遇到这样的电影，你去看就行！,推荐,2005,30166972,少年的你
luzhiyu,陆支羽,2019-10-25 15:31:16,1. 一代人终将长大，但总有人正少年；再伤痕累累的失乐园，也依然会有人信仰未来。2.并不想用“年度最佳青春片”之类的冠冕堂皇来形容，因为它值得更有温度的赞叹。3.众所周知，这部电影的诞生已然太难；而它真正的闪光之处，绝不仅仅只在于对校园欺凌题材的触碰，以及整个社会为此付诸的努力，更在于对那片不可言说的刺探，这曾是我们每个人或多或少经历过的另一种残酷青春。3.易烊千玺能将小北演得如此有血有肉，并不让我感到惊讶，有悟性又肯努力的他，已然突破偶像派壁垒，即便这只是银幕首秀。4.而周冬雨的脸，则越来越经得起长久凝视，她再次跳出之前所有角色的窠臼，认真塑造了一个半明半暗的陈念。5.继《七月与安生》后，曾国祥导演又一次成功证明了创作才华；而摄影师余静萍的手持晃镜，在熨帖生活质感的同时，又有着宿命的气息。,推荐,703,30166972,少年的你
tjz230,影志,2019-10-25 15:39:18,“- 你往前走，我一定在你后面。- 你在我后面干嘛？”、还有那个披床单吓司机…哈哈哈，周冬雨真是百搭啊，而且对方都会被衬搭的很好看。易烊千玺出息了，表现竟超出预期。“我喜欢一个人，就想给她最好的结局。只有你赢了，我才不算输”、“你保护世界，我保护你”，电影透露的少年气，意外惊喜。你有多被这个世界欺负，就有多少人想保护你。最后的警局审讯戏成为情绪的一个制高点，被拯救者的、无辜的与负重的…包裹出电影的温暖与厚度，身边观众哭倒一片。经历过少年，20年后更懂纯粹的青春。“我们生活在阴沟里，但依然能仰望星空”,推荐,642,30166972,少年的你
flowermumu,欢乐分裂,2019-10-25 16:32:01,在黑暗中共生，在光明中跟随。“你太干净了”。真的相当催泪，不得不赞叹曾国祥对演员的调教能力，不得不承认两位主演的选角之契合，大量紧贴脸部的大特写几乎让毛孔清晰可见，但表演也是经得起摄影机这般长久凝视。这是少年才有的冲动热血，这是少年独有的果敢无畏，“你和我都不会，但他们还是少年。”审讯重头戏，顶光直贯而下，但身上和脸上落下的阴影才是他们共同守护的秘密，眼角隐隐泛起的泪是命运共同体的密码，在这一刻，我终于成为你日光下的一道阴影。成为你生命中的一道伤痕。揭秘真相的回溯拍得非常有力，闪回的记忆，碎片拼凑的信息，惊鸿一现的念头，不愿想起的瞬间，都在英语的三种基本时态中停伫、回温、释放，于是他们在探监室玻璃上的倒影重叠模糊，他们享受着光折射出的红影，此刻他们终于肩并肩走在日光下了。,推荐,560,30166972,少年的你
1233038,frozenmoon,2019-10-25 23:25:23,1.和《嘉年华》一样，题材价值大于电影本体价值，在当前环境下拓展了国内院线的题材可能性。在被允许的前提下，可以展现的凌厉和残忍可能也就到此为止了，所以很理解有些地方表达上的处理方式。2.“残酷青春”是个差不多20多年前的概念，这个电影重新启用了一次，说实话，这种青春期和杀戮，死亡，悲情之类的东西搅在一起的故事非常可疑，以一种看似底层残酷物语的形态实际上讲述一个很矫情的戏剧性设定。真实的校园霸凌有更真实，粗粝的处理方式，但会损害商业度，也可能无法面世，总之，这个题材在这里被打磨得更光滑了一点，可惜。3.易烊千玺的表现真是不错，不知道这是技术使然还是感觉使然，如果是技术，确实值得期待，需要其他反差角色验证。4.电影节奏有问题，前三分之一很迟缓，男女主角关系的进展又缺乏理由。,还行,1108,30166972,少年的你
189833635,你是猪,2019-10-25 09:40:23,这部电影真的太有心了，身在绝处的时候突然在眼前出现了一道光，小北和陈念是彼此生命中的那道光，小北不想让陈念在泥泞里，努力把她推向美好的未来的这个设定真的太戳我了，救赎向真的很感动。而两位主演也诠释的很好，所有情绪都很到位，周冬雨一如既往的好，四字弟弟是第一次登上大荧幕，也很让我敬佩，导演真的很有心，谢谢有这么好的电影出现，祝票房大卖。,力荐,11958,30166972,少年的你
169575728,回南雀,2019-10-25 09:49:49,不是每个陈念都能遇上愿意用所有未来去保护她的小北，但希望每个陈念都能像雨后的小雏菊一样，在角落里坚强绽放。那些打不倒我们的使我们更坚强。,力荐,11036,30166972,少年的你
152290665,王晶,2019-10-25 10:01:15,比较触动我的是易烊千玺的演技，这绝对是一个“剧抛脸”，完全没有《长安十二时辰》中腹黑小狐狸李泌的影子，在这里是一个叛逆变拗高冷，但是却一心一意对念念好的男孩子，他的眼神让我看见了一种执着的爱，而不是一种甜甜的喜欢，这很重要，因为这部电影的主题是两个孤独的人相互依托，共同成长的故事，眼神应该是一种超脱于喜欢之外的感觉，四字弟弟把这种感觉演了出来，可塑性很强。且小北是一个层次性很强的角色，外冷内热，通过叛逆的外壳来保护自己内心的柔软，千玺有把握住这种感觉，没有一味地耍酷。,力荐,9884,30166972,少年的你
182748049,天天天蓝,2019-10-25 09:34:22,应该创造怎样的世界让少年成长是这个电影的主题，青少年如何身心健康成长一直是我国密切关注的重要问题，我们都知道青少年时期是形成性格的关键时期，我们日后是各种性格以及我们日后做事的态度如何，青少年时期的教育起着最为重要的作用。电影《少年的你》中给我们展示了血淋淋的校园暴力问题，校园暴力确实很常见，电影这一点很好，把它真实地展现给我们，毫不遮掩，揭露问题是第一点，最重要的是如何解决问题。电影给我最大的感想是我们可能会有陷入黑暗泥沼的时候，到这时候如果有人陪伴，拉一把，让对这个世界不至于充满绝望，不至于放弃这个世界，甚至让人重新鼓起勇气面对这个世界，重新充满信心和对未来的期望，那真的会非常感激，这便是救赎。少年的你强调相互陪伴，共同救赎，一起勇敢地面对一切黑暗，一起走向光明的未来！,力荐,9421,30166972,少年的你
133505673,今天也很仙,2019-10-25 10:48:04,典型的无病呻吟青春疼痛片 一点都不接地气 矫情的一米,很差,6276,30166972,少年的你
182021683,mushroomcloud,2019-10-25 09:48:10,"This movie is so intense!
主创很走心！
校园欺凌真的很可怕！
受害者一辈子都有阴影！
而有些学校和老师真的
态度漠然不负责任（亲身感受不喜勿喷）更纵容了不良事件的发生！
",力荐,8954,30166972,少年的你
198653491,Sprout.Lau,2019-10-25 09:35:11,个人很喜欢这种真实风格的电影，社会上的阴暗面太多了，应该让他们暴露在大众的视野下。,力荐,7428,30166972,少年的你
150364672,问章北海要信仰,2019-10-25 09:36:35,你们很好，不需要任何人祈祷。但我祈祷，你们能被更多人看到。念，一念地狱、一念小北,力荐,7355,30166972,少年的你
150543635,刘在石的妈妈粉,2019-10-25 12:37:42,"我想问影片定位是什么？是校园暴力？青春言情？高考生活？还是“致敬”《嫌疑人x》与《白夜行》？打着校园暴力的题材旗号，你有一丝站在加害者角度深究暴力行为背后的成长心理问题原因吗？你有讨论过现在法律和社会机制在相关问题上处理的弊端吗？没有！只是说了反派有多狠，周冬雨的脸有多惨。但我不是要how，而是要why！
你弄那么多尴尬的高考片段和主题有关？能引起或辅以什么共情？我现在觉得，这部电影被剪得还不够！135分钟实在煎熬。
后段才发现，原来校园暴力只是个背景幌子，更离谱的是直接融梗《嫌疑人x》+《白夜行》，套路结局与表现形式基本都一样，极不讨喜的投机取巧，换汤不换药，我不得不司马脸。
这样的故事毫无深度、技术、原创可言，电影改编后的节奏与情节过渡更是惨烈。
唯有众人演技，尤其周冬雨，对得起大银幕…",很差,3880,30166972,少年的你
163165489,蛮吵,2019-10-25 09:37:12,你追逐世界，我们追逐你背影，你保护世界，我们保护你,力荐,6802,30166972,少年的你
155005999,已注销,2019-10-25 09:43:03,"全影片最印象深刻的是前期的痞帅的小北，虽然总受伤，但总给人一种安全感，让人觉得他在好像什么都不用害怕，包括陈念带许渺回家，小北也跟着走，就是那种，不管你去哪我都跟着你走。第二就是在探监室里两人见面，易烊千玺哭的颤颤得，很隐忍的哭法，好真实，属于一个男人的哭法。易烊千玺真的了不起。
此外，片中的虎狼之词也给小北添了不少分，感觉的到很可爱，很自恋有时候又很臭屁。
“押题什么意思啊，你不要告诉我，我不想知道”
看的时候完全把他和易烊千玺本人分开了。真的转型很成功
周冬雨展示了101种哭法，辛苦了，演的很好！
四个月的等待，一切都值得，曾国祥牛逼，周冬雨牛逼，易烊千玺牛逼。所有为这部电影付出的都辛苦了。",力荐,6583,30166972,少年的你
190020879,韩老师上课了,2019-10-25 09:52:45,这是一部写实的片子，真的很好反映了一些社会暴力问题……希望社会以后也多多关注这样问题吧，让每个孩子不要失去了对未来的光，男女主都演的的好好呀,力荐,6005,30166972,少年的你
194140837,一名已婚男士,2019-10-25 09:57:09,"看了半小时了,现在特别压抑。小黄鸭转头咬嘴流眼泪绝了,所有的不甘气愤无可奈何表露无疑!我很庆幸,庆幸自己生活在一个父母爱我且开明的家庭,生活在生活的明处,没有经历过xybl,电影很好,演员很好,发人深省,不负期望!
我们生活在阴沟里,却仍有人仰望星空。

明天二刷!!!",力荐,5682,30166972,少年的你
165202964,disguiser,2019-10-25 10:19:36,3星给卡司，一星给演技，再来一星甩隔壁郭敬明脸上：这才叫探讨校园暴力和青春的电影，学着点！！！,力荐,4515,30166972,少年的你
182010593,欢喜是喜欢,2019-10-25 09:52:01,从夏天辗转到秋天，期待很久的电影！每个人心中都有一片圣地，那里属于一个想用所有未来去保护的人。陈念是小北要用所有未来保护的人。那句：可是我喜欢一个人我想要给她最好的结局。两个被遗忘在角落里的人，像走进彼此生活里的阳光。你想保护世界，那我就保护你。少年成为彼此信任的依靠。高考完我们就变成大人了，但是从来没有一节课教过我们，如何变成大人，如何面对成年人的世界。即使生活黑暗，少年却依然仰望星空。相信真实的，相信美好的，相信善良的，相信“相信”本身。青春虽有疼痛，但少年的你，总要对未来抱有期望！,力荐,5181,30166972,少年的你
30069190,骑着小猪上高速,2019-10-25 09:52:11,很深刻的题材，很多电影排过，但是我感觉这部把人性描绘的更深刻。两个少年的挣扎、痛苦、希望，被易烊千玺和周冬雨非常好的呈现出来。你保护世界，我保护你，除了小小少年的守护，希望有更多层面的力量去保护校园的孩子。,力荐,4671,30166972,少年的你
197610628,鮮花長于我傷口,2019-10-25 09:56:09,"“他們住在高樓／我們淌在洪流／不為日子皺眉頭／答應你 只為吻你才低頭。”看了電影很自然就想到了這句歌詞。最難忘的是，陳念含淚望著小北，朝他輕輕搖頭；小北狠厲又隱忍的眼神看得我發顫抖。兩個孩子承受著命運的辜負，卻怎麼都不肯屈服，作為對方唯一的軟肋互相舔舐傷口，眉頭緊皺忍淚的眼睛太讓人心疼了，那雙眼睛太悲傷了，盛滿了倔強不甘無奈和疼痛，我就看一眼心都揪在一起。很喜歡英文譯名""Better days""，脱身苦海，向光而生。没有人生来就该身陷泥潭，被囹圄禁锢，丛生荒芜。惟願天下所有的孩子都能被命運眷顧，被保護被呵護，要快樂要幸福。",力荐,4298,30166972,少年的你
186492465,鲍鲍,2019-10-25 09:55:55,好的电影有它的现实意义！没有滤镜没有玛丽苏的青春，疼，但是这才是我们大多数人的记忆。如果少年的我有那样一个男孩子，他同样没有长成大人模样，却愿意用保护的姿态站在我面前，我想我也会更加勇敢吧。宣传语说，“你保护世界，我保护你”，但其实我想说，是有了保护我的你，我才可以保护这个世界啊,力荐,4572,30166972,少年的你
165895278,chou,2019-10-25 09:55:54,在电影院哭得稀里哗啦的，后来通过采访才知道原来导演拍了两个版本的结局，一版是悲走向，一版是现在播放的。很开心导演用了这个版本的结局，两个从泥沼之中重生的少年，拥有了光明。也给了无数人希望……,力荐,4038,30166972,少年的你
4121613,怪兽不长肉,2019-10-25 14:36:05,我不喜欢，像极了白夜行，非常的压抑,很差,1463,30166972,少年的你
182048735,烧焦的鱼,2019-10-25 09:58:21,弟弟演技太给人惊喜了 哭戏处理的特别棒  令人十分动容 导演节奏把握的也很好 拍的很细腻 大量近景很考虑演员的演技 喜欢这部影片表达的深层含义  没有谁的生活是一帆风顺的 在底层的小北依然心怀希望 生活也不是一无是处 除了黑暗还有星光 这部影片对于我意义真的不一样 就像看到曾经的自己  强烈推荐大家去观影！ ,力荐,4068,30166972,少年的你
38327088,额,2019-10-25 09:58:49,"你在马路对面走着 我没有吭声 能够默默陪你走这一段路，我也很开心。与其说我在保护你，不如说是你拯救了我。每个人一生中能够遇到好多好多人，能够遇到你，我是幸运的。
  光是一点一点照进来的，很温暖，像冬天的太阳，没有很刺眼，暖暖的 很温柔。 我想许你一个美好未来    （另外说一句 易烊千玺 牛！！！！）",力荐,3792,30166972,少年的你
145930362,Onismtree,2019-10-25 09:50:53,太绝了 两位演的真是太绝了 曾国祥怎么可以把这种故事拍的这么细腻啊,力荐,3567,30166972,少年的你
191460322,秃头秀儿,2019-10-25 12:55:31,剧情该的妈都不认了，小北是个美少年啊！可不是真正的混混大叔流浪汉，男主演技被周冬雨吊打，周冬雨不是扣分项,很差,1003,30166972,少年的你
105682380,布达兔斯,2019-10-25 10:01:13,"题材鼓励+1⭐
其实不太喜欢看沉重的东西，容易入戏走不出。心情闷闷的。其实我并不是校园暴力的亲历者，相反我的学生生涯过得很顺利、张扬。但我是旁观者，却因为太过迟钝而错过许多机会，那些可以拉他们一把的机会。想到以前有个女同学，因为有点邋遢就被全班的男生欺负，女生也在背后嘲笑她。我有时候会站出来维护她，但那些欺负她的人也是我的朋友……后来她转学了，从此杳无音讯。或许，我当时应该做得更多一些。也许真的需要感受过痛才能真的感同身受。这样的作品要多一点，将阴影与暗疮暴露于光明之下，方能将黑暗驱逐。",力荐,3661,30166972,少年的你
205490829,扎心魔仙,2019-10-25 09:44:44,是成长，是破茧而出争夺缝隙里的一丝阳光,力荐,3616,30166972,少年的你
198704187,又睡着了,2019-10-25 10:13:52,我的天？这是易烊千玺？完全颠覆的演技!眼神真的太有戏了吧!好有感染力啊哭的稀里哗啦的,力荐,3384,30166972,少年的你
189279082,嘟嘟,2019-10-25 09:48:34,电影有点好哭，莫名想到了自己的一些经历，如果身边有这么一个可以不顾一切保护自己的人，是何其荣幸,力荐,3267,30166972,少年的你
205811691,啊杂野,2019-10-25 09:36:05,疼痛的青春，他们不是同一个世界的，却又是同一个世界的,力荐,3181,30166972,少年的你
162473083,鸡蛋黄不黄酱,2019-10-25 10:11:52,在电影院才看到一半就迫不及待来评分！妈呀真的是太高出我的期待了。知道四字演技很可，没想到还是给我无限惊艳。预售2天半能破亿，除了粉丝给力之外，电影本身也更加让人期待。不说了，我要好好看了，前排的妹子已经在偷偷抹眼泪了。。哈哈哈哈哈哈,力荐,3160,30166972,少年的你
170859868,Sissi,2019-10-25 09:49:05,不要因为少年的你而忘记少年的我,力荐,2939,30166972,少年的你
198748315,已注销,2019-10-25 09:56:50,愿世界都是善良温柔的人！愿世界没有欺凌！我们都是从少年过来的,力荐,2913,30166972,少年的你
187111594,想名字真头疼,2019-10-25 10:40:07,“我喜欢一个人，我只想给她一个好的结局”。聚焦现实写实的题材容易让人产生共鸣，青春片不能只是花式的无脑浪漫，另一面不一样的青春也可以展现出来，不然国产青春片怎么进步？观众也会变得审美疲惫。电影制作班底，男女演员的演技，还有原声曲等制作都真的不负这几个月漫长的等待！,力荐,2809,30166972,少年的你
185000993,Aberdeen,2019-10-25 10:08:35,感动到哭，周冬雨演技超赞，完全没想到易烊千玺演的如此之好，剧情也很棒，视角独特，关注校园暴力！“总有一个人曾是少年的你”强烈推荐！,力荐,2668,30166972,少年的你
zesm,HHong,2019-10-25 09:56:55,每个人都有少年时代，所以每个人都是少年的你。,力荐,2619,30166972,少年的你
187794270,柒熙,2019-10-25 10:39:00,因为校园暴力的题材吸引了 看了之后不得不佩服千玺的演技!!太惊喜我了 真的 当然周冬雨的演技也一路既往的高水平 两个演员都好喜欢 有想要二刷的打算,力荐,2591,30166972,少年的你
162405926,绝望安琪,2019-10-25 09:57:58,你永遠不可能知道一個人的年少時受到的傷害會伴隨他的一生,力荐,2324,30166972,少年的你
164499667,不要土豆,2019-10-25 10:06:09,真心希望每一个深陷沼泽的少年都可以被人拉一把 有人陪伴有人守护有人救赎 另外四字弟弟的演技真的可以震惊到我了!真的完全把我抓到剧情里面了!!!抓的死死的!,力荐,2479,30166972,少年的你
182008696,特立独行的猪,2019-10-25 10:16:34,主演的演技都太赞了，对易烊千玺刮目相看，真的没想到演技这么赞，而且超级喜欢校园暴力这个题材，值得一看！！牛逼牛逼！！周末可能要二刷了！！,力荐,2371,30166972,少年的你
198430583,惟歆_,2019-10-25 10:30:44,易烊千玺的演技真的把我惊到了，周冬雨给我的感觉也比之前的好，而且电影的镜头处理的绝了，希望这种题材的电影可以多一点,力荐,2297,30166972,少年的你
182031172,嘿;-),2019-10-25 10:12:26,原本是冲着周冬雨去的，结果没有想到竟然被四字弟弟圈粉，四字弟弟的演技真的不错，真的有被代入到，哭的稀里哗啦，两位主演的演技都很好，五星，支持！！,力荐,2283,30166972,少年的你
198600697,鹤归山ubelongto,2019-10-25 10:54:14,与其说自己是主演的路人粉，倒不如用电影粉来形容更为贴切。这部电影从定档到撤档到再定档被寄予了太多太多的厚望也被赋予了太多太多的期望，今天从电影院里走一遭的我只能说是值得的。等待是值得的，期望也是值得的。这部电影反映了现如今社会的某个角落正在发生的事情。逃避无法解决问题，直面问题才是正确的选择！两位主演的演绎非常用心，周冬雨的演技一如既往牵动着我的心，易烊千玺让我也很惊喜。从靖安寺司丞李泌到小北，他向他的粉丝他的观众们交了一份满意的答卷，少年未来可期！好了，多说不如一看，我要去推荐我身边的朋友们去看了,力荐,2255,30166972,少年的你
104593767,summary,2019-10-25 10:00:08,两个少年坚韧不拔的生命力。泥泞中野蛮生长的杂草。,力荐,2118,30166972,少年的你
160582873,子卿竹,2019-10-25 10:39:01,易烊千玺那么温柔眼光的一个人饰演小北的反差还挺让我惊讶的，沧桑的眼神，明亮的眼神，温柔的眼神，倔强的眼神，这个孩子一直在用心演绎人物,力荐,2114,30166972,少年的你
160511369,轮廓,2019-10-25 10:25:15,买的最早的9点场，坐在一对情侣旁边，刚开始电影院还叽叽喳喳，到30分钟的时候基本上就没什么声音了，不得不说背景音乐是真的催泪啊。尤其看到陈念和小北对视的那一刻，我注意到旁边的男生默默的递给自己女朋友一张纸巾。（单身狗只配默默流泪,力荐,2026,30166972,少年的你
161665768,梦钟书,2019-10-25 10:01:44,相信真实的，相信美好的，相信相信本身！我看见了希望，看见了守护。,力荐,1935,30166972,少年的你
186268410,Eke,2019-10-25 12:08:20,十分讨厌把这种题材情节剧化，无处不在无所不能的摄影机几乎是一个审判者，一直试图以有选择的耸动赚眼泪，然后用大团圆给人虚情假意的安慰。出现很多陷入不同困境的人，但都被写得非常扁平，轮班在特写里喊完创作者想说的话。PTSD犯了，太害怕中学生活了，更害怕恐惧用这种方式拍出来。,较差,1359,30166972,少年的你
182022454,氧乐话多,2019-10-25 10:10:44, 知道拍成电影其实很担心 因为感觉题材好像挺那个 这电影也真的一波三折 但还好终于能两个小时十五分钟的上映了 听说这是18年易烊千玺还没有学习专业知识就拍的 真的可圈可点 周冬雨自然不用说 真的剃了寸头也是让我很震惊 电影太有感染力了 那种窒息感 为他们紧张 说不出的感觉 真的很不错 世界上的恶意啊 少一点吧 温柔的对待身边的人吧 希望大家都能去看过这部电影再评价吧,力荐,1926,30166972,少年的你
155946336,Ziggy.,2019-10-25 11:49:40,主题浮于表面…表达做作且矫情…警察局的戏份是把观众当傻逼吗…为什么要大早上来看一部青春伤痛文学式的狗血电影啊…四字dd演的倒还行,较差,958,30166972,少年的你
196477646,八九,2019-10-25 09:51:19,从小说来看，那是一个男孩对一个女孩的保护，是两个人在黑暗中互相成为阳光的存在，是对世界的无声抵抗。并且也是易烊千玺的第一部电影，看他17岁时几个月的小北人生，做他骨子里都没有的叛逆和让他知道世界上所有的险恶和极致的温柔。希望18岁的你也能去看17岁的你，看看小北吧！看看你塑造的另一个人生。,力荐,1930,30166972,少年的你
194079533,jmk,2019-10-25 09:53:16,电影质感很好，ost也非常好听，很贴合剧情，全程都陷入电影中,力荐,1838,30166972,少年的你
142372285,拨号上网,2019-10-25 10:05:04,奉劝各位还是别看了 我以为周冬雨能托起这部戏 结果还是带不动脸瘫弟弟,很差,952,30166972,少年的你
188716014,陈夏不喜欢冬天,2019-10-25 10:08:02,"我的青春是什么呢，象牙塔，埋怨着的老师，做不完的试卷，还有一个悄悄喜欢着的人，但是这个世界那么大，总会有一些平凡之外的故事，而小北就带着我所不能经历的人生，披荆斩棘地，走来了。
祝我们都能坚持坚持，相信相信，有所梦有所想，有要保护的人有保护人的勇气。",力荐,1837,30166972,少年的你
169588825,可爱你的,2019-10-25 10:07:44,挺期待中国能拍出怎么的校园暴力相关议题⋯⋯我曾经历过⋯特别难受😣曾国祥真的是个能拍出真实世界的导演，青春片不只是花样浪漫的，也可以是少年的你这般深入骨血的，不得不说两位主演角色之间建立起的信任让人羡慕不已，你保护世界我保护你，只有彼此并且只相信对方，这多么可贵啊⋯⋯配乐部分真的很强大，每一个音符跟片段配合的天衣无缝，我个人认为这部国产片改变了我对青春片还有流量的看法，挺值得！,力荐,1842,30166972,少年的你
175157727,想啊想啊想,2019-10-25 10:41:46,周冬雨和易烊千玺的两双眼睛，真是珍宝，我看着他们的眼睛，也看着好多故事。,力荐,1746,30166972,少年的你
188559156,Jackson小狐狸,2019-10-25 10:11:47,青春里，没有一个像小北一样保护我。但是自己可以保护自己吧。,力荐,1675,30166972,少年的你
180401152,曼彻斯特的雪,2019-10-25 12:34:04,矫情尴尬的台词，想表现文艺，却犯了和《后来的我们》一样的通病，一句句空喊的口号，就好比饥饿的时候吃山楂片，只能获得几分钟的缓解。四字还是撑不起来男主戏。,较差,557,30166972,少年的你
1895314,顶流,2019-10-25 10:28:28,没有想到最后呈现出来的结果会是这样完美 真的非常感谢周冬雨 易烊千玺 特别是易烊千玺的表演 非常罕见的看到了青涩和坚毅两种特质 会二刷,力荐,1739,30166972,少年的你
162418200,dreamふル,2019-10-25 10:05:42,易烊千玺贼牛逼 周冬雨也演的超级好,力荐,1647,30166972,少年的你
188949088,星河长明,2019-10-25 10:10:50,如果每个小时候被欺负被孤立的小朋友都能有小北或陈念在身边，如果每个小朋友面对霸凌都能学会反抗，如果有更多人愿意勇敢的站出来那结果会不会有什么不一样，真的好谢谢易烊千玺周冬雨赋予小北陈念鲜活的生命啊，也感谢小北让我看到不一样的易烊千玺。选角真的很棒，易烊千玺真的好棒啊,力荐,1675,30166972,少年的你
182144537,dbren,2019-10-25 10:43:07,影片很棒，我们的荧幕需要这样的题材，需要把观众的目光更多地聚焦到这样普通地艰难地却也努力地活着的人们身上。人字一撇一捺就是相互支撑，我们这么多人聚集在一起可以撑起更多的人，这样我们大家的未来甚至我们的下一代的未来都将沐浴在阳光下。,力荐,1546,30166972,少年的你
165524116,别吃了,2019-10-25 10:07:51,"“你保护世界，我保护你。”
“你是第一个问我疼不疼的人。”
“高考完，我们就变成大人了，但是，从来没有一节课教过我们，如何变成大人。”
“我们生活在阴沟里，但有人依然仰望星空”
电影里最喜欢的几句台词，很戳我
我也想在我的学生时期拥有一个小北，但是我没有勇气成为陈念",力荐,1533,30166972,少年的你
139629565,lalalalaaa,2019-10-26 10:44:44,原作者也是被霸凌的人,很差,334,30166972,少年的你
161768283,娜娜酱,2019-10-25 10:31:27,呜呜呜呜电影还挺好看的 校园暴力就应该严惩  近日看到十岁小女孩因未成年犯罪而枉死 再看到这个题材的电影 我真的流泪 好久看电影没这么哭过了 女主角周冬雨和男主角易烊千玺的演技也很棒很出色 总之来说是一部很棒的电影 还是很有意义来电影院观看的,力荐,1520,30166972,少年的你
143926366,一只兔耳朵,2019-10-25 11:01:28,青春片的确很容易引起共鸣，无论是否曾是校园暴力的受害者，看到被凌虐的场面还是会太阳穴突突跳。作为教育工作者，我定要引导好我的小雏菊们，不做施暴者，遭遇校园暴力正确解决对待。近日未成年人保护法的重新修订，与电影的价值表达，希望能引发社会对于未成年人成长的深度思考。,力荐,1464,30166972,少年的你
172078678,梅子先酸,2019-10-25 10:16:44,世界其实没有那么黑暗，你可能总会遇到一个人，或是一些朋友，他们会愿意去帮你，而且你并不孤单。,力荐,1418,30166972,少年的你
170067608,银鹭八宝粥,2019-10-25 10:03:05,来看首场了，四字弟弟真的太让人惊喜了，整部电影虽然沉重但是传递给我了力量，冬雨演的也好好啊。真好，真好。一部非常优秀的电影！,力荐,1449,30166972,少年的你
158158100,人间12月木婉清,2019-10-25 10:54:46,本来对这个题材没多大兴趣来着，因为预售很高，就跟朋友“跟风”看的首映，现在她哭得稀里哗啦，我在递纸巾。她是被校园霸凌伤害过的，这部电影是真的戳到她的心窝了。我也看得很难受，心疼陈念又羡慕陈念。整部电影都很细腻，值得一看。,力荐,1409,30166972,少年的你
175286441,神秘者,2019-10-25 10:19:47,"本来以为会很压抑 
但是其实更多的是希望",力荐,1313,30166972,少年的你
131868577,林品如,2019-10-25 10:08:31,优秀的制作班底，电影人有电影人自己的坚持，即使再黑暗也有阳光透进来，我们都不是孤岛，演员表演让人惊艳，没想到四字弟弟的表演天赋这么高，期待他的未来，周冬雨这次也有了突破，果然是影后。,力荐,1346,30166972,少年的你
ruo1996,徐若风,2019-10-25 15:05:02,4.5  目前的今年华语片最佳。几乎塞满人物大特写镜头，是一次疯狂赌博，曾国祥赌赢了——这两张脸、他们的眼睛。周冬雨和易烊千玺供出了极度锋利、痛彻心扉的表演，里面包含极度复杂的情感和社会困局探讨。情节层次上，每个转折点都用力到让人感觉快受不住了，结果还可以不停反转，像不间断机枪扫射，审讯戏那里我已经千疮百孔了。不会再看这部电影第二遍，承受不住痛苦。(看完一周后为了再看看演员的表演，还是食言去看了第二遍....),力荐,658,30166972,少年的你
duduxiongzhifu,嘟嘟熊之父,2019-10-25 13:08:18,电影只拍了一小段，是他们在阴沟里短暂的相逢，小北用尽全身的力气将陈念托起上岸，任由泥沼盖过他的头顶。电影拍不到的是他们漫长的余生，伤口尚未愈合，疤痕已显出轮廓，通向光明的大门仅打开一次，更浑浊的污泥正汹涌而来。影像时刻处于压迫欲裂的边缘，忽明忽暗的灯，黑云压顶的雨，嘈嘈切切的声，无处躲藏的脸。陈念的眼泪流个不停，是害怕、委屈还是不服？都不是，是她活下去的勇气，是她对小北的爱。,力荐,626,30166972,少年的你
196186127,M.,2019-10-25 09:51:27,你保护世界，我们保护你。,力荐,833,30166972,少年的你
ydyie,时间之葬,2019-10-25 12:16:40,真正的年度惊喜，目前为止的华语年度最佳，基本上，这就是今年的《嘉年华》。这个题材的现实意义想必无需赘言，令人惊讶的是曾国祥这次在这个方向上走了那么远。周冬雨和易烊千玺的演技和爆发力都令人惊叹，尤其是前者，无论是那个大胆的板寸造型还是那些不易察觉的细微身体抽搐，都在她那看似弱小的身躯里蕴藏了极其强大的能量。这是她继《七月与安生》后演技的第二次蜕变，隐约感觉第二座影后奖在向她招手了。最喜欢的一场，是审讯室里不断切换的招供戏，那是无望的呐喊，更是勇敢的控诉。这两张直视镜头的脸，会是这一年的银幕记忆。,力荐,1116,30166972,少年的你
xzfd,张小北,2019-10-26 15:44:27,也是词穷了，就是非常棒吧！能看出来修改痕迹，但还是非常棒。所有环节都很好。也没必要变着花的夸了。以前我都不认识易烊千玺，但这次真是恭喜他了。,力荐,617,30166972,少年的你
196201093,的的儿,2019-10-25 10:11:39,小北真的太温柔了，陈念是他的希望，他所有的温柔也都给了陈念。,力荐,836,30166972,少年的你
190459899,改个名字,2019-10-25 10:07:37,"“总有一个人曾是少年的你”，这句话非常戳我，希望我们的学生孩子们，如果陷入迷茫和低落时，都能像小北一样找到自己的希望和温暖，有信念，就有未来。
而两位主演易烊千玺和周冬雨的表现可以用挖心来形容，毫不夸张的说，即将奔三的我被这种彼此守候，给予对方希望的真挚情感所打动，几度眼眶湿润。你保护世界，我保护你。",力荐,855,30166972,少年的你
190740908,沙雕怂怂,2019-10-25 10:36:27,真的很棒！也许你曾一直生活在黑暗之中，但总会期望看到真正的光明。两个少年互相支撑彼此走向心中的光明，也许一切来的都不容易，过程几经波折，但是黑夜的最后总会有光，正如电影中所说，你保护世界我保护你，我喜欢一个人，我只想给她最好的结局。这个电影真的值得。,力荐,836,30166972,少年的你
184722169,兵荒马乱,2019-10-25 10:25:13,黑暗的角落遍布世界每个地方，少年在泥沼里挣扎，反抗，直至绝望。就像陈念写的，有人生活在阴沟，却依旧仰望光明。时间万物皆苦，你是我唯一的救赎。,力荐,794,30166972,少年的你
ballteda,掉线,2019-10-25 12:49:54,【B+】如无意外，这就是今年华语电影最佳。质量，大胆程度，题材的现实意义，都宛如另一部药神。在校园暴力这件事上，浅层是在批评霸凌，深层更是直指整个社会的教育缺失，和成年人对青少年自以为是的了解与冷漠。而小北和陈念白夜行一般，互相舔舐却又无法相认的情感关系也极其催泪。比之《七月与安生》，曾国祥的导演水平成熟很多，大量手持镜头，特写，利落的剪辑和逼迫的音效。将这个冰冷，残酷，压力无处不在的少年世界，压抑到让人喘不过气。因为审查等原因，最后三十分钟略拖泥带水，但总体来说，仍是今年最值得去影院支持的作品。最后，周冬雨易烊千玺演技双炸。,力荐,721,30166972,少年的你
185573211,balabalabar,2019-10-25 10:46:41,从官宣之后就一直在期待的电影，易烊千玺和周冬雨的主创组合真的很让人惊喜，成熟而不乏少年感。演技真的没话说，代入感太强了，情绪一直被牵引着，准备二刷！,力荐,800,30166972,少年的你
qiaomai,荞麦,2019-10-25 16:41:38,霸凌并不是重点，而是失去大人保护的少年们如何生存。我哭得快晕过去了他妈的。为看到如此真实的内地青春世界多加一颗星。,力荐,709,30166972,少年的你
190829054,yoyo哟,2019-10-25 10:16:35,他们就是小北和陈念，他们就是。他们很好，不需要任何人打扰。,力荐,848,30166972,少年的你
66019505,银,2019-10-25 10:02:07,只有少年，他们觉得值得。,力荐,830,30166972,少年的你
180383573,Miss Flamingo,2019-10-25 10:02:35,迟到了4个月的少年，一如当初期待的模样。2019年的夏天，终于到来。欢迎你，小北！！！！ 非常用心，非常真实，非常感动。感谢所有主创和幕后人员，一切的等待，都值得。❤️❤️❤️❤️,力荐,781,30166972,少年的你
197278037,静静地吃瓜,2019-10-25 10:20:16,我经历过校园暴力，我知道有多难受，我体会到过绝望，没有人帮你的时候就想掉落在漩涡里，太难了。两位主演很棒，预告就吸引人，正片让我更加觉得，抓住希望是多么幸运啊。感谢他们的演绎。,力荐,805,30166972,少年的你
183831091,哲子12138,2019-10-25 10:41:02,"从来没经历过校园暴力，但看过别人经历过，可我从没站在受害者的角度替他考虑，以为是普通打打闹闹，说来惭愧。题材不仅校园霸凌，还有很多挖掘人内心的东西。论述故事的方式，主演顶流加影后扮演乖乖女学霸加小混混，演技出色，剧组出自七月与安生以及配乐还专门出了OST，我都好喜欢。
有一些人根本不是为了抵制抄袭而是对演员有偏见吧。观众没有义务去评判是否抄袭，既然上映了我们就有权利花钱去看。原作者出书的时候为什么不去抵制，出了书上市卖不就是有让大家买的机会和有翻拍的权利吗，造成现在的局面网友又骂骂咧咧了，有些东西要从根源去制止，骂导演演员观众有毛用。不是全民抵制抄袭作品就能让抄袭风气彻底消失的，凡事要从根源去解决",力荐,843,30166972,少年的你
182176615,殇,2019-10-25 10:20:08,温柔又残酷。,力荐,849,30166972,少年的你
159157857,一碗茶泡饭,2019-10-25 10:06:28,你保护世界，我保护你，希望在未来我也能遇到小北那样一个温柔强大的人。,力荐,855,30166972,少年的你
196210625,如鲸向海,2019-10-25 10:21:45,看到了校园暴力，也看到了爱与希望！,力荐,829,30166972,少年的你
186012369,燕子的简单生活,2019-10-25 10:03:54,《少年的你》关爱少年的心理健康和学习环境问题。这方面确实需要有关部门和整个学校、社会的重视。非常好的题材。,力荐,800,30166972,少年的你
dreamfox,乌鸦火堂,2019-10-25 22:32:38,“我们生活在阴沟，但依然能仰望星空”。或许并不是我们的青春，但一定是最深刻的青春电影，如此题材尺度比想象中的大，拍出了现实的冰冷与温度，还未成年的他们，被迫进入这个成年的世界中，尝到了来自这个现实第一份残酷。陈念与小北，就像两只流浪小野猫，在被压抑的世界野蛮生长。对方都如冰冷世界中的一抹光辉，互相慰藉相互扶持。卑微的人聆听风雷，勇敢而纯洁的人用行动打破规则。所有演员都很精彩！不得不说周冬雨演技实在太棒了，这次柔弱的小女生，真的是颠覆了以往的形象，结尾真情实感带动全片气氛，她的面孔，经得起大银幕的考验和无数次的特写。,力荐,1137,30166972,少年的你
joearde,阿德,2019-10-25 13:15:15,这个完成度，说对曾国祥刮目相看也不为过，对得起这个题材，讲故事的手法也很高级。校园欺凌每个人或多或少都经历过，这部电影会让你反思，曾经面对校园欺凌的时候，你做过什么？,力荐,728,30166972,少年的你
185206858,Python,2019-10-25 10:19:59,期待了很久，终于去看了，四字弟弟和小黄鸭真的🉑，鸭鸭哭的我心都疼死了！虽然没有经历过校园暴力，但是也曾经看到过这种事情！期待这样题材的影片越来越多。我们稍微进步一下，也是这个社会的进步。少年的你值得5分！,力荐,881,30166972,少年的你
184702909,我就是随便起的,2019-10-25 10:09:26,整个电影看下来，感染力很强，人物的塑造也算是成功的，能够让人产生共鸣的。两个主演都是演技在线，而且电影的命题很好。仰望希望，抬头会有一片星光。,力荐,888,30166972,少年的你
201997037,陶华碧,2019-10-26 11:22:49,少年的你这部电影就是一个裹着糖的屎，从表面看，它剧情精彩好评如潮，票房喜人，演员班底强大，流量＋演技派演技可圈可点，校园暴力立意深刻甚至有望冲奖，好像能成为一部好作品。然而无论剧本怎么改编，就算把抄袭的内容都删了，只要你还用着原著改编的东西，从本质上讲这部电影就烂透了，本质上就是腐烂的，这样一个东西不配任何好评甚至得奖，任何明知道抄袭还去支持的人都是这条抄袭产业链最后一关的支持者，以后也没有任何立场去反抄袭！这样一个东西是对所有原创作品和作者的侮辱甚至是对创作的侮辱！知乎里据理力争的人两种，一个是法学专业一个是文学创作相关，是因为他们知道关于抄袭在法律上还有多少漏洞，我国对于抄袭的定义和维权又有多么艰难，以及创作一个原创作品又有多么不容易，而对这部电影的双标态度更是目前所有原创的悲哀和讽刺。,很差,274,30166972,少年的你
hexiaoqin,谋杀游戏机,2019-10-25 14:44:10,好久没看到如此真实、凛冽、有力的华语电影了，“你保护世界，我保护你”，看完心情澎湃无法平息，不负这么久的期待。太好的导演，太好的两位演员，摄影、配乐都很出彩。在诸多近景、特写镜头的注视下，素颜、剃平寸的周冬雨呈现出继《七月与安生》后最有质感的表演，也彻底跳出了同质化角色套路，多场哭戏都演绎得深入人心。周冬雨再次以扎实演技证明了影后实力。,推荐,1038,30166972,少年的你
178242314,？者,2019-10-25 10:56:21,敢拍敢上就已经赢了,力荐,696,30166972,少年的你
170042907,汐雅淳兮,2019-10-25 10:17:44,四字弟弟的演技惊到我了！！太厉害了！完全不输影后！好棒！支持！,力荐,790,30166972,少年的你
179090591,无事不登三宝殿,2019-10-25 10:57:28,后半段基本都是哭着下来的 校园暴力真的不容忽视！同时家庭的陪伴和教育也很重要，它承载了一个孩子的希望。曾国祥真的牛逼！主创牛逼！四字真的惊艳我妈了！未来给我冲！,力荐,784,30166972,少年的你
57414443,玖月杰奏,2019-10-25 10:51:57,全程不打扰大家，不尖叫不出声，毕竟期待了很久。很好看！泪点高的我也哭了，演员演技都很棒！17岁，进中戏之前的作品，可圈可点可进步。,力荐,762,30166972,少年的你
199709828,xx xx,2019-10-25 10:26:20,我很幸运 有爱我的爸爸妈妈 有善良的朋友 可是现实生活中有很多我们看不到的 像陈念和小北一样的人 生活在黑暗里 ,力荐,751,30166972,少年的你
194847899,蛀牙,2019-10-25 10:44:25,剧情太虐了，这个话题让我很抑郁。希望陈念们都会快速成长。多一些小北们帮陈念走出阴霾,力荐,709,30166972,少年的你
172882128,干嘛呢干嘛呢,2019-10-25 10:17:59,小黄鸭和弟弟的组合，诚不欺我。周冬雨不愧是影后，我感觉比七月与安生那时上了几个层次，每一帧都能感染到我。刘北山真的太帅了，我也想要一个小北。千玺给人的惊喜太大了，眼神真的会说话啊。探监那场简直全场高光，期待演员千玺更多的精彩。曾国祥导演太会导了，剧情、灯光、音乐...，看着真的是一种享受。总有一个人，会拼尽全力守护你，总有一个少年的你。在这部电影里校园欺凌以一种无比真实的艺术形式呈现给了大家，没有逃课，没有堕胎，没有车祸，有的是软弱，有的是逃避，有的是恐惧。还好最后导演给了我们希望。PS.高考备考这些场景真的过于真实。,力荐,752,30166972,少年的你
120255859,开心,2019-10-25 10:28:22,四字弟弟和小黄鸭原来可以这么相匹配，黄鸭继七月与安生后又一部代表作，四字弟弟超出惊喜！两个人都完成的非常不错，编剧确实下功夫了，未来影坛一定有两位一席之地！,力荐,751,30166972,少年的你
157458721,Hugo,2019-10-25 10:40:14,心智成熟，面容年轻。,力荐,660,30166972,少年的你
milanviuviu,｜麦芒,2019-10-25 10:34:58,每个艺术家的作品首先是他自己。小黄鸭和弟弟的眼神很入戏。,力荐,715,30166972,少年的你
169582886,zero,2019-10-25 10:29:37,任何人都可以仰望星空，但不是每个人都能遇到那个可以相互取暖带来依靠的人，希望看完电影的每个人都能受到感触，给自己给别人以温暖，青春应该是美好的回忆，故事的最后陈年成为她想成为的人，小北也无惧阳光,力荐,708,30166972,少年的你
171277834,干杯鱼,2019-10-25 10:28:03,太好看了。易烊千玺让我刮目相看没想到演技这么好很有爆发力，冬雨一如既往的稳 歌也好听喜欢  小北说我喜欢一个人要给他最好的结局 我哭死了 我的青春啊！你快回来啊。年轻真好,力荐,723,30166972,少年的你
204343446,王祖贤,2019-10-25 10:22:05,看完了更新！今早看电影之前看了热搜，有个热搜叫警方通报大连10岁女孩被杀案，看了好难受！虽然我现在工作已经是工科了，但是还是喜欢看青少年犯罪系列的书籍，可能是因为我个人喜欢，也可能是因为我们那个年代对这个话题都关注的不够多，更可能是法律不够完善。所以每次有青少年犯罪事件发生的时候都让人难受悲从中来！这个电影总体讲的也是青少年心理健康的问题，两个彼此依靠的孩子，被这个世界所压制，但又对新的生活很向往，抱住希望彼此救赎！整个剧情都让我感动，有几处让我这个30加的妇女差点溃不成军，两个主演感情都拿捏的很好，那种隐忍那种对生的希望！这个电影好像关注度挺高的，希望大家能通过这个戏对青少年心理健康给予更多更对的关注，希望法律能够尽快完善，希望每个孩子都能生活在阳光下，希望每个孩子都能怀抱希望又都有希望！,力荐,703,30166972,少年的你
171282164,西西里的朗读者,2019-10-25 14:06:49,"易烊千玺演技还行，白夜行等片类似故事拍过很多遍了，到底是要写实校园霸凌题材，还是男主为女主顶罪黑色题材？镜头全程杵脸上是什么鬼？
655",较差,235,30166972,少年的你
auntbear,熊阿姨,2019-10-26 16:18:11,易烊千玺一夜炸裂，两个年轻演员的表演就是最浓厚的滤镜，所有的情节、逻辑、台词的理性判断，都要让位给二人巨幅面部特写的情感冲击。周冬雨演出了雀斑和眼泪的不同层次，弟弟让人倒吸一口凉气，帅气的男演员多，有性魅力的才是珍宝，你不得不相信二人焊死在一起的坚硬的感情。高考的集体PTSD也在加重观众情绪，相比之下，反而是霸凌的背景有些干瘪扁平了。,推荐,359,30166972,少年的你
190369005,不吃胡萝卜,2019-10-25 10:13:27,在里面似乎能看到曾经年少的时的我们、你们或他们，或真实或执拗，或单纯或无知，或坚强或软弱，愿所有的少年都有爱守护,力荐,699,30166972,少年的你
164675350,冰桃雪梨,2019-10-25 10:08:56,校园暴力一直是我们需要重点关注的问题，相信金马班底的实力，金马影后的演技，千玺演的太好了，少年的倔强，少年的痛，少年想要保护自己的全世界都淋漓尽致的表现出来，四字弟弟前途不可限量啊！！,力荐,690,30166972,少年的你
renjiananhuo,邓安庆,2019-10-25 22:46:20,真好！周冬雨应该给她影后，易烊千玺新人奖。曾国祥始终能挖掘人物之间动人的部分，又如此细致入微地去铺垫。为了过审加的部分可以忽略。结尾在两人隔窗对视又哭又笑的那段就好了。,力荐,330,30166972,少年的你
155916394,乘峰破浪,2019-10-25 10:50:15,剧情很赞，易烊千玺的演技出乎意料，周冬雨也不错，这种题材的电影拍好不容易……期待易烊千玺弟弟的下次表演！,力荐,704,30166972,少年的你
156866259,🍓,2019-10-25 10:55:00,占座 哭得太狠了思路不清晰 稍后写,力荐,652,30166972,少年的你
186860820,Free falling,2019-10-25 10:10:30,原来在每个人的身边，不管世界多么的黑暗，总会有个人默默的陪伴守护着你，他希望你永远是干净纯粹的，希望我的那个他能一直陪在我身边！,力荐,686,30166972,少年的你
182380284,小雨雨大魔王A,2019-10-25 11:01:13,少年的我们无力抗拒校园暴力 小学时被同桌堵着要钱，到现在都还没忘记 那时候的我都不敢去上学 真的是谢谢 看到这么好的电影 电影中 透漏着的是希望,力荐,661,30166972,少年的你
169144554,天边那片云,2019-10-26 09:54:10,剧情假，男主演技尴尬。如果是张一山就完美了。,很差,216,30166972,少年的你
pinkonion,水木丁,2019-10-26 22:48:35,华人电影的近代史上，大陆没有贡献过一个经典的少年人物形象，千玺终于刷新了这个零。,未评分,263,30166972,少年的你
182056860,浅蓝,2019-10-25 10:14:17,真的超级有感染力。画质有点那种暗灰色的感觉，给人产生一种感同身受的情绪。千玺弟弟真的很棒！不知道为什么，看到小北和陈念我都有一种想哭的感觉。可能我太感性了吧！优秀的制作班底，优秀的演员，真的很值得推荐，很值得品味。记得去电影院看吆。,力荐,679,30166972,少年的你
192039883,-🌸Dove.,2019-10-26 04:47:34,中戏也没人能教的了他了呢,很差,200,30166972,少年的你
76995998,倒了一水的桌子,2019-10-25 10:28:02,等了挺久的，一直很喜欢现实题材的电影，中国的现实题材比较少。演员们的表演非常能戳心脏，眼神很有戏，能把人带入其中。导演的镜头也非常舒服，有很多特写镜头，都包含着很多的感情，比如说有一场长镜头，从人物滑到角落里的小雏菊，也是一种暗示着他像这路边的小雏菊一样陪着她。,力荐,659,30166972,少年的你
iloveTWO,未见青山远,2019-10-25 10:09:10,"呜呜呜

这样一个校园暴力呢题材，有曾国祥导演指导，选景在重庆这样一个能容纳许多故事的城市，还有认真钻研角色的千玺，金马影后小黄鸭！咋能不期待！",力荐,646,30166972,少年的你
191030947,thanks!!,2019-10-25 10:43:42,你保护世界 我保护你 这是什么神仙感情啊😭😭千玺弟弟真是出乎我的意料 真真是一张大银幕的脸啊 搭配周冬雨这种级别的演员 真的太好看了 期待千玺弟弟以后的作品,力荐,619,30166972,少年的你
152997669,嘟嘟嘟嘟嘟嘟哒,2019-10-25 10:43:08,我服了 我泪崩 我cao校园暴力 ,力荐,609,30166972,少年的你
180785894,云儿,2019-10-25 10:27:03,有个少年，心有希望，心底柔软，但生活环境使他冷漠对世界，而念念的出现，让他觉得可以用我所有的未来去保护你！[流泪],力荐,596,30166972,少年的你
171468547,小汤圆,2019-10-26 03:01:15,今天去看了一下，真的太烂了，改的乱七八糟的！,很差,207,30166972,少年的你
184817397,Strawberry,2019-10-25 10:14:19,"作为校园暴力的亲身经历者，我真的感同身受。这部电影的题材真的沉重。在大桥上小北骑着摩托车载着陈念那一幕对我印象太深刻了，陈念跟小北说：“我不是你想的那样的人，我不想跟胡做朋友，其实我还挺喜欢她的。其实我让你保护我也有自己的目的。”言外之意是我也没想过要跟你在一起。小北微笑着说：“你说什么？”（大概意思，我不记得原话了）其实小北什么都知道，但他不会主动说出来。
小北保护陈念从来没有想过要有回报的，他就是单纯想去保护她的安全，保护她的梦和自由而已。
耳边响起Jay那句歌词“你什么都没有 却还为她（我）的梦加油”
这里也是我的催泪点。",力荐,634,30166972,少年的你
183016069,我想要两个西游,2019-10-25 10:02:10,在电影少年的你上映去看原著小说，小说不长，花了几个小时看完的。在残酷青春里算是文笔不错的了，玖月晞喜欢用场景的细微描写展现人物的内心世界。一个是个带着点痞气的男孩，一个是个经受校园欺凌却瘦弱无助的女孩，小小的他们在花一样的年纪却经历了不该经小小的他们在花一样的年纪却经历了不该经历的黑暗，忍受了不能忍受的忍受，也许他们是对这个世界充满恨意的，也许他们是对这个世界不抱期待的。还好，他们遇见了彼此，如同一缕暖暖的阳光，撕破黑暗照进了彼此的世界，两个同样孤独的人彼此相拥取暖。看小说的时候就自动带入两个主角的脸，然后发现导演组选角是真的超级符合了！！瘦瘦小小的小黄鸭，还有北野本野的千玺弟弟啊！！！！千玺弟弟演技真的有让人惊喜，周冬雨演技也算一众小花里拔尖的了，电影真的很棒，诚邀大家一起去电影院观赏❤,力荐,600,30166972,少年的你
188233611,锦鲤妹妹,2019-10-25 10:46:03,我们很好 不需要任何人祈祷 谢谢有你保护世界,力荐,572,30166972,少年的你
196913843,1,2019-10-25 09:59:46,对千玺演技惊呆 很棒，影后也不是吹的，哭戏太打动我了,力荐,584,30166972,少年的你
auxt,大島,2019-10-27 21:28:13,一上来差点没听懂was和used to be到底有什么区别,推荐,231,30166972,少年的你
168462869,炸了炸了砰砰砰,2019-10-25 10:04:02,我很庆幸从小到大遇到的同学都是温柔和善的人。,力荐,554,30166972,少年的你
88652488,文刀大土申,2019-10-25 16:30:37,好看，可以列到年度华语电影名单，从电影题材的意义到剧本创作，再到导演整体的掌控能力，以及两位主角的表现力，都达到了最佳的呈现，易烊千玺是惊喜，他眼神里有戏。他走个路子（选片）就对了。4.5,力荐,465,30166972,少年的你
169982451,山鬼,2019-10-25 10:15:58,每个人心中都要想要呵护保护的人、事，碰巧都和你有关。,力荐,539,30166972,少年的你
188510557,酱汁面面,2019-10-25 10:14:22,"在正好的年华里，陈念与小北经历了本不应承受的痛苦与折磨。男女主演技都在线，让人能很快的融入角色产生共情，小黄鸭一个女生能剃寸头真的很敬业了，还有这次也确实被千玺弟弟惊艳到了，小孩真的不错，看过十二时辰，这次又看了少年的你，两种角色跨度很大，并且也都驾驭的很好，希望弟弟以后一步一个脚印继续加油呀。
无论身处于怎样的逆境中，却依旧心怀希望，我想这就是这部电影所带给我的感动，心怀希望，黎明终将到来。
无论是陈念，还是小北，还是屏幕前的你我。
惟愿一生顺遂。",力荐,573,30166972,少年的你
189650991,ZIJI,2019-10-25 11:00:51,两位演员的眼神太触动人心了 那些疼痛和韧劲都感受到了 跟着他们一起哭 我想守住这份希望和温柔,力荐,529,30166972,少年的你
Uvo,咱说,2019-10-26 01:46:57,一开场就打下了四星的底子，看得出导演是很用心地在做戏。但是从三分之二处，小北假装强奸陈念那一幕起，就出了很大的问题，往后越拖拉越扣分。一个没文化的小混混心甘情愿为一个他喜欢的且有着远大前程的女生去做替罪羊，这本身是很庸俗的价值观设定——没文化的人命更贱。第一，观众都知道国产电影的结局必然是犯罪之人要伏法，在结局既定的前提下，编剧还去编造这种替罪羊的情节，未免太思维定势，不如大胆反常规，反正最后都要圆回来；第二，男女主角在文化程度上的鸿沟已经决定了俩人未来在价值观等人生诸方面的鸿沟，俩人未来在一起的可能性非常低，而前面所有的情节铺垫都没有让观众看到这俩人爱得死去活来以至于男方义无反顾地要做替罪羊的程度，俩人连小嘴都没真的亲过一回呢，更别说缠绵悱恻了，当然了，国产片不许未成年人相爱。【广百金逸】,还行,180,30166972,少年的你
182033545,乌合之众,2019-10-25 10:56:21,"不是每个人身边都会有小北
但希望每个人身边都充满阳光",力荐,506,30166972,少年的你
197435912,花花糖,2019-10-25 11:01:42,成长的意义啊。,力荐,518,30166972,少年的你
180785634,青苔,2019-10-25 10:29:51,为一人，拼尽所有未来！,力荐,497,30166972,少年的你
179853346,啾啾,2019-10-25 10:02:14,学生时期的青涩年华，是伤痕与笑声谱成的不完美乐章。它承载的不止是青春的疼痛，还有纯真无邪的爱恨。小北和念念加油！,力荐,511,30166972,少年的你
195931473,叫wei吧,2019-10-25 10:23:59,很多时候人生就是这样，不能事事顺心如意，甚至是很残酷，每个时期不同的小孩都有不同的烦恼，想到了班上的学生，也幸亏他们在学校的引导下，健康快乐成长,力荐,494,30166972,少年的你
2049622,LOOK,2019-10-25 13:39:54,3.5 必须说句公道话，在没有分级制的情况下，这电影确实有点为难电影局。但这剧本倒也不是仅仅搏题材，环境、人物、人物关系都很立体丰富，张力展开的过程非常有层次，直至高潮爆破将议题、人物的处境、真实的人性抉择展现淋漓。就是结局还是改了，不改的话过于震撼。,推荐,316,30166972,少年的你
146422384,今天更博学了吗,2019-10-25 10:30:04,陈念和小北都很好棒 为了自己守护的人和东西都一直在努力坚持 你保护世界我保护你 都看哭了,力荐,479,30166972,少年的你
rebekah,眠去,2019-10-25 19:42:25,周冬雨被剃头之后从背后拦住小北，那个仇恨的眼神让我打了个寒颤。最后两人在探监室隔着玻璃互望那段，真的五星赞爆了。没想到，我更喜欢现在电影改动后的结局，而不是小说里白夜行般两人将永远走在黑暗中。ps想让郭敬明导演来看看究竟怎么拍才叫校园霸凌。,力荐,364,30166972,少年的你
144738882,第一胖虎,2019-10-25 10:22:50,你保护世界，我保护你。这个世界总会有一点微光，让你感受到还有希望，我想陈念对于小北就是这样的一个存在吧。,力荐,476,30166972,少年的你
181922684,fuck baby,2019-10-25 10:46:23,"最好的小北，最好的易烊千玺。
演员易烊千玺很棒，很优秀。
",力荐,447,30166972,少年的你
190392918,晴晴青Qing♡,2019-10-25 10:07:23,我很遗憾我的青春没有一个像小北一样的人来保护我，但同时我又很幸运我没有陈念那样的经历。两位主演很好，很棒，很喜欢，很能共情，值得一看。,力荐,480,30166972,少年的你
sakimay,黄青蕉,2019-10-28 16:04:58,曾国祥真的有点东西！什么档次的文本到他手上都能化腐朽为神奇！就是都改编（升华）成这样了还不如做原创呢，可怜现在沾这么一身腥,推荐,170,30166972,少年的你
170911810,芝麻儿,2019-10-25 10:33:04,两个少年，被世界无端针对，对视的那一眼，我瞬间落泪。多希望这个世界善良一点。,力荐,443,30166972,少年的你
babulliu,把噗,2019-10-26 17:35:03,一部无主之作。,还行,133,30166972,少年的你
57394323,我就看看,2019-10-25 10:35:50,欢迎你的到来，小北。（还理不清要说啥 ，先去哭了）,力荐,400,30166972,少年的你
182014206,啵啵啵啵mua～,2019-10-25 10:54:43,希望世界上每个陈念身边都有个小北🙏希望世界上再无校园暴力🙏,力荐,426,30166972,少年的你
nezhaboy,哪吒男,2019-10-25 23:30:03,易烊千玺的金马奖最年轻影帝啊，周冬雨的金马奖最年轻影后二封啊，可惜了。,推荐,206,30166972,少年的你
196396115,Culaccino,2019-10-25 10:47:26,"我认为《少年的你》是一部有力量的影片。它的力量在于唤起，唤起大众的社会责任感，唤起大众对青少年心理健康问题的关注，唤起那些“旁观者”帮助身边“受伤”同伴的冲动！
谁的学生时代没有经历过校园霸凌呢？我看到过施暴者的“得意洋洋”，我看到过受伤害者的“畏畏缩缩”，更多的，我看到的是事不关己的漠然眼神。聚焦校园霸凌，我们零容忍，切实行动！
这部电影具有强烈的社会责任感。在校园霸凌这个问题上，我们每个人都经历过，或许你是施暴者，或许你是受害者，更多的是旁观者。愿此片汇聚起共同抵制校园霸凌的力量，伸出你我双手，守护光明和希望。
觉得四字弟弟开创了一片新天地，打破了大众对流量的认知，眼神很有戏，情感处理非常细腻，情节展现淋漓尽致，感觉弟弟是真的走进了人物，与人物感同身受，他是演员易烊千玺。",力荐,441,30166972,少年的你
69290051,Paco,2019-10-25 15:38:52,3.5。独属于大陆的、负能量的、“与大人为敌”的90与00后——被用心触碰了。在我这，这点必须先于其他所有被提及。对青少年视角的专注、坚定程度超越《狗十三》和《过春天》，专注和坚定之下，一定量的娇作和夸大亦成了真实的必要组成，虽然并非完全自觉。正片消极求解的语气与被头尾安上的口号化外壳显然是冲突的，真面目其实和《嘉年华》一样，在现实议题中不断疏远着“现实意义”，以无关审查的姿态。更纯粹、混沌而多义的能量由此而来，也因此更无法被遮挡。小景别接近滥用，但也得益于此，易烊千玺的电影脸被彻底确认了。©曾国祥、许月珍到场。,还行,165,30166972,少年的你
136180062,🐰🐱🐶,2019-10-25 10:33:04,小北 念念演的太棒了👏，生命中有这么一个人愿意用自己的未来去让另一位人拥有未来，大概也只有少年。,力荐,401,30166972,少年的你
luxifaer,路西法尔,2019-10-25 17:58:56,青春片的陷阱在于把一切都浪漫化，一个眼神、一次牵手、一场高考、甚至犯罪……易烊千玺饰演的小混混拙劣地模仿着庸俗爱情片中的男主人公的腔调，不断地吐出“你赢了，我才没输”这样故作深情的金句让我汗毛倒竖。可金句频出的原因恰恰是对校园欺凌问题缺少深入共情而沦为活报剧，周冬雨则不时面无表情地说些正确的废话。郑易警官疯狂谴责受害人为什么不肯相信自己，把整部影片的自恋推向巅峰，其实就是公权力的自恋，他可有半分反省自己？可怕的是三种自恋很多人会吃……影片题材上映不易，加半颗星,还行,135,30166972,少年的你
189833046,我想喝奶茶,2019-10-25 10:59:10,"出乎意料！！！看了感触很深！
特别是监狱对视！呜呜呜呜呜呜呜呜呜哭死了 我真的超爱那段 四字的小黄鸭绝了！！",力荐,409,30166972,少年的你
173273493,里边易,2019-10-25 10:19:28,啊啊啊啊啊啊妈呀太好看了吧啊啊啊啊啊易烊千玺真的可以啊啊啊,力荐,384,30166972,少年的你
159613368,G-Rachel-hiues,2019-10-25 10:17:33,给她一个最好的未来！这是我想做且能够做的！,力荐,391,30166972,少年的你
wudaoxing,次等水货,2019-10-25 13:00:26,太真实了，从场景设计到演员的表演都完全没有雕琢痕迹，哭倒一片，说它今年国产最佳也毫不为过。,力荐,312,30166972,少年的你
fengjiansun,风间隼,2019-10-26 00:01:20,陈可辛“哭片”二代目曾国祥新作，傍上现实题材也救不回失控的煽情，塑造人物非哭即喊，而这显然与审查无关。把俩人对望垂泪的段落都拿掉估计能节省观众10分钟时间，节奏也会好很多。当然胜过内地青春片一条街，至少细节到位，群演够本色，价值观够人本。可就对校园霸凌的反映完全没有深度可言。打五星的友邻们是被种蛊了吗？,还行,122,30166972,少年的你
178076397,周二一_,2019-10-25 10:29:41,"北望今心，陈年不移。
是演员易烊千玺。",力荐,358,30166972,少年的你
78426497,Theo,2019-10-25 12:33:25,就影片本身来说在4个月的撤档之后，夸赞或者批评好像都显得有失公允，反倒是演员让人异常惊讶，不知道算不算易烊千玺银幕处女作，在经历那么长时间大特写镜头之后依然能在情绪上打动观众，未来可期。（特别感动卢凯彤被圈出）,推荐,311,30166972,少年的你
201000514,WYF,2019-10-25 10:27:23,跟影后周冬雨对戏，我觉得易烊千玺的演技没跳，可圈可点。期待更好的发展,力荐,373,30166972,少年的你
159099655,可爱的快樂,2019-10-25 10:09:36,相信相信本身 少年的你,力荐,362,30166972,少年的你
lephemera,蜉蝣,2019-10-25 15:08:11,现实题材里面强加了东野圭吾式的悬疑犯罪结构和共生主题有点互斥，但是没关系！导演能力和两个演员演技把压力之下的暗黑和痛感全都撑起来了，停不下的流泪和颤栗，口号中的茫茫未来，少年的爱这么执拗坚硬。,推荐,191,30166972,少年的你
Nokia95,冰红深蓝,2019-10-26 15:06:13,"1.一部让你我都能深深共情的青春残酷物语，终于在大银幕上呈露出校园霸凌的冰山一角，高考的精神恶战+欺凌的身体戕害+罪与非罪的心灵拷问，无处不在的压抑助推了恰如其分的情感爆发。2.周冬雨和易烊千玺的每一个银幕时刻都如此真切逼人，恍若洞穿了角色的灵魂，几场哭戏(母女通话&探监无言尤佳)令人潸然泪下。3.以大量浅景深的特写、大特写镜头刻画人物，彰显出了孤独个体的自我坚持。适时的手持晃镜与破碎剪辑亦与影片的酷烈气调完美融合。4.几个互文关系：对边缘人群的描摹承接[过春天]；[白夜行]式的故事内核；对陈念破旧公寓的（第一个）夜晚镜头营造出灰黑而可怕的景深，恍若暗无天日的宿命及无尽的炼狱，令人想及[幻影凶间]中无尽的无窗墙壁；监狱探视时的二脸叠影同质于[第三度嫌疑人]。5.废墟中的""强暴""场景极具美学与象征意味。（8.8/10）",力荐,242,30166972,少年的你
darkwood,巴伐利亞酒神,2019-10-25 15:17:24,以现代电影的标准看，这几乎是一部满分的作品。扎实的剧本，靠谱的班底，紧凑的剧情，在线的演技，不俗的调度，适时的转折。关于校园暴力的题材，像及时雨一样珍贵。而残酷青春，又是非常煽动观众情绪的一种类型。我们都是从高考这座大山下侥幸逃出来的人，那遍体鳞伤的疤，总算有人去揭了。你觉得越疼，这部电影就拍得越好。,力荐,280,30166972,少年的你
194833317,嘻嘻嘻,2019-10-25 11:04:49,演员选的很切合，主角的演技在线，能让人融入剧情中，看过书，算还原度很高，值得一看,力荐,347,30166972,少年的你
203616182,深海爆炸,2019-10-25 10:49:21,!  !   这部超现实主义的校园青春片绝对是国内最佳青春片top1。每个人在里面或许都能找到曾经的你吧，欺凌孤立，自卑敏感，迷茫逃避是每个成长路上或多或少都会遇见过的烦恼啊。特别喜欢最后的结局，两个小时的压抑沉闷，最后终于一口气吐出来了。正如电影名字Better Days一样，这是一部带着爱与希望向阳而生的电影。(电影十首原声带很燃很赞，还有卢凯彤编曲做词的fly没有正式音源是我看这电影最大的遗憾😭),力荐,349,30166972,少年的你
199868451,⛳,2019-10-25 10:03:37,看的第一场首映，四字太可了吧！！爆发力好强👍,力荐,331,30166972,少年的你
185460277,找嘛找pengyou,2019-10-25 11:06:17,超出预期，打动人心的电影,力荐,340,30166972,少年的你
3540441,同志亦凡人中文站,2019-11-02 18:30:35,也只有少年才能说出“你守护世界，我守护你”的誓言了。《白夜行》的剧本植入中国高考和校园霸凌的语境，曾国祥对东野圭吾成功实现了拿来主义。为过审改结局，幸好观众都不是傻子…,推荐,88,30166972,少年的你
182052381,Fine,2019-10-25 10:59:53,小北的眼睛里有光，生活在阴沟里，也心向阳光,力荐,315,30166972,少年的你
170292358,口区,2019-10-25 11:03:03,一直很少看电影，喜欢曾导的叙述方式！校园暴力一直是不容易忽视的问题都是一群在上学的孩子为什么有的人会这么的坏为什么会以欺负别人为乐趣，受害者又做错了什么。魏莱我真的要说这种表面傻白甜背地里这么恶心的人我真的想打死。还有周冬雨和易烊千玺演的太好了，俩个人一哭我就跟着哭😂。易烊千玺果然演出来的就是一个小混混哈哈哈，混话一句一句的。两个相依为命的少年为什么走出来那么难？希望以后的世界，所有的人都被温柔以待，所有校园暴力者都要受到惩罚！！！,力荐,332,30166972,少年的你
43728521,宋雯婷,2019-10-26 00:48:52,题材很有价值，演员很卖力， 但电影本身，我不喜欢。原因如下：1 人物太扁平，反派为了霸凌而霸凌，整个故事人的光彩出在念北二人否认事实的行动中；2 情节太冒进，比如说二人相识以及第一次亲嘴的情节，施暴者的武力值极其不稳定，没有可信度，全片有很多类似生硬之处，明显是先有骨架再塞筋肉，有很多地方骨肉还没有长好；3 特写太多。一部自信的电影，不会有这么多特写，更不会有这么多眼泪，参考《海边的曼彻斯特》。另外说一下演员的表演，俩主演水准很高，配角则除了吴越之外基本翻车；但个人审美我不太喜欢冬雨这次的表演，没有任何技术问题，只是哭太多了，就显得处理得重和重；相反，片中她母亲吴越的表演处理基本是笑着演的，倒演出了人对于苦难的适应；重点夸一下四字，比他长安演得更好，稳、活，自身的气质跟角色气质熨贴，喜欢。,未评分,111,30166972,少年的你
138626698,蓝色的椰子,2019-10-25 11:21:15,就冲剪寸头、满脸血和泥的造型能看出易烊千玺想成为好演员的认真和诚意，不敢相信片中的“小混混”是给人乖乖形象的易烊千玺，和影后周冬雨对戏也完全不输，同《长安十二时辰》的李必又完全不一样，易烊千玺选片一如既往的冒险，但不可否认他交出的答卷依然很漂亮，演员这个身份，易烊千玺算是彻底立住了,力荐,304,30166972,少年的你
169594112,kyla土豆,2019-10-25 10:49:07,太写实的一部电影，有哭有感动，每一个孩子都不应该对校园暴力对待，家长也应该教育好自己的孩子，好好对待别人，两位主演演技太好了，感同身受他们所处的环境,力荐,317,30166972,少年的你
135704201,S.Tennyson,2019-10-25 11:50:35,平平无奇，力道不足。花了一个小时铺垫互为救赎的故事，但中途忽然掺杂了高考的激昂向上和教育歌颂，冲淡了原本的灰色背景，整部片子的情感都变得尴尬起来，只有你能保护我的说辞也变得缺乏说服力。不仅不如《狗十三》，甚至还不及去年的《过春天》，不是曾国祥的良好发挥。,还行,128,30166972,少年的你
185430836,幻期颐,2019-10-25 11:16:34,从“反正也没人在乎我，我有什么好怕呢”，到，“那说好了，你保护世界，我保护你”。这是一个纯真到极致的故事，现实绝望中夹杂着强烈希望的救赎。导演和编剧把感情处理的很克制，点到为止，后劲很强，泥泞中野蛮生长最后粉碎的杂草，看完感觉疏离又热烈，久久缓不过劲儿。小北这个角色真的非常有魅力，易烊千玺的表现也远超预期，二刷预定。,力荐,288,30166972,少年的你
misterinfamous,Mr. Infamous,2019-10-25 18:16:51,曾国祥太绝了，周冬雨与易烊千玺也是。全程有种被勒住脖子的感觉。魏莱是黑暗的，郑易是无力的，想要陈念如此艰难，北山却要被删掉，名字的隐喻绝望透了。残破的生活里，人跟人生生死死地暖过一回，竟是这样烈。说是少年心性，叹的也是我们再也不见的奋不顾身。看阳光贴在脸上，二人静默无言地哭哭笑笑，愈发觉得人间的不堪。痛恨欺凌者，痛恨高高在上的女警，也痛恨同场影院不被呵斥就一直在嬉笑的那几个女孩，这世界的同理心，从来是个稀罕物。希望更多人，尤其是中小学生看到这电影，但更希望，没有人需要感同身受，至少我们经历过的残酷，到此为止。似乎能察觉到撤档后，修改的是什么。最后，看到卢凯彤的名字了，而开头的胡小蝶，也是蝶一样从高楼下坠。唉。,力荐,254,30166972,少年的你
201181172,,2019-10-25 10:28:13,易烊千玺眼神里充满故事，演技很赞，电影无论是故事情节还是流露的感情以及细节都很棒，电影很棒。,力荐,297,30166972,少年的你
182079093,九木,2019-10-25 10:32:54,希望我们的生活中没有校园暴力,力荐,280,30166972,少年的你
yrsyl,老袁,2019-10-25 15:43:34,刚开始有点难以进入，看到后来哭到头肿。怎么会那么矫情，那么感人，那么好哭啊！,推荐,164,30166972,少年的你
182018636,Sugar,2019-10-25 09:56:26,"   小北是一个生活在阴暗里的人，他的世界里充满了一场场的打架，血腥。他在反抗那些污蔑与肮脏，反抗周遭的一切异样眼光。他看似一切都不在乎，看似冷漠又云淡风轻，是因为他不知经历了多少个那样的黄昏，火车呼啸而过，传来烤面包的香气。
       然后他遇见了陈念，他们成为了彼此的救赎。小北其实是温柔的，从他保护陈念和告诉她“你太干净了”就知道他是一个温柔的人。他的叛逆只是为了保护自己。",力荐,289,30166972,少年的你
y_un,唐宋,2019-10-25 11:28:58,易烊千玺演的真好，演出了一种难能可贵的少年感。每个人的青春其实除了事后回忆的美好，我们身处其中的时候，感受到的是一种不确定的痛苦与挣扎。少儿总是扮老成，去反抗，去保护，保护的是别人，其实也是心里留下的那个美好。对待这种电影，审的人完全可以自信一些，电影从来不是杀人刀，也不是草庐高堂上闪着金光的布景，应该允许电影展现一些现实的粗粝与真实。最后，谢谢攒出这部电影的人，看到年轻的电影人在成长，特别好。,力荐,272,30166972,少年的你
150229673,你猜,2019-10-25 11:21:30,不要觉得易烊千玺是流量明星就轻视他的实力，不要觉得周冬雨只会演精灵古怪的角色，不要因为曾国祥导演还年轻就质疑他的能力，感谢剧组所有的工作人员演员，让我看到了一部这么动人心魄的好电影,力荐,298,30166972,少年的你
125339064,试遣,2019-10-25 10:53:06,希望在你最黑暗的时刻，有人拉你一把。千玺演出了小北的痞，小北的哀伤和无奈，很惊喜。,力荐,272,30166972,少年的你
75391386,后自愈,2019-10-25 18:26:06,曾国祥太会拍故事和人物了。他依然发挥了在《七月与安生》中的长处，即便不停的穿插闪回和倒叙也丝毫不显杂乱。欺凌之外，最重要也是最戳中我的一点是，他拍出了两个孤独灵魂的碰撞，两个孤立无援人生的互相拯救。在处理文本的同时，曾国祥也留下了一些个人风格，陈念和小北两个人那段很快乐的时光很大程度上是通过影像传达出来的，不管是灯光的运用还是不断的特写，都能够感受到影片对两个人小心翼翼的保护和温柔。陈念去监狱探望小北那场戏，两个人一句台词都没有，无声胜有声。我在银幕外也哭的泣不成声。,推荐,171,30166972,少年的你
190740196,我爱五三,2019-10-25 11:00:04,你保护世界，我保护你。,力荐,242,30166972,少年的你
jinjidexiong,文森Vincent,2019-10-25 19:06:42,整体高于预期，但《少年的你》仍旧是和《嘉年华》一样过于仰仗社会话题和演员表演推动观影情绪的作品，并且视听风格实际没有《嘉年华》那么完整流畅和统一。影片就青春和校园暴力间的论述也挺模糊的，导演和编剧所做的处理，无非是不断地累加戏剧性的冲突和表演，以达到使观众完全进入一种无法客观化的激进的批判状态。后半段添油加醋、自我感动的设计简直不要太多。★★★,还行,75,30166972,少年的你
195335887,豆豆,2019-10-25 10:13:38,好感动,力荐,246,30166972,少年的你
62444176,微波炉日记,2019-10-25 10:18:47,你快赢，好不好。,力荐,256,30166972,少年的你
162605721,晓勇,2019-10-25 10:27:51,可以，好看,力荐,231,30166972,少年的你
183927968,_4444x_,2019-10-25 10:17:28,超级期待四字弟弟的首部电影鸭～,力荐,238,30166972,少年的你
177574419,火火火的北京,2019-10-25 10:13:33,电影最好的地方，在于揭示真实世界的背后，不忘记给你一阵暖意。世界还是如此美好，四字弟弟优秀，冬雨有自己的美,推荐,255,30166972,少年的你
yinxiang,胤祥,2019-11-05 02:44:21,其实上映第一天就看了。相当不错，柏林新生代妥妥的，若不撤片的话可能还有个观众奖拿呢。周冬雨相当精湛，如此高龄演高中生都没有任何问题，可以预定明年各种表演奖了。不提原著也不说审查，剧作还是完成得不错，在主线上是很用心的，单说把“少年的逻辑”拿来做核心动力就相当值得表扬。不过放弃了现实主义的面向，而借用了一种混合着大半韩国电影小半日本电影的方法，视听上做的很到位，也就不用再强求可信度了。比起连篇累牍地讨论校园霸凌，更值得讨论的是如何把高考工厂的新闻影像收编进这个文本，以及收编的方式和效果。,推荐,50,30166972,少年的你
50060410,朝阳区陆依萍,2019-10-25 11:15:04,不想做任何评价，霸凌的人就应该去死！,力荐,206,30166972,少年的你
155233150,打碟鸡,2019-10-25 11:21:10,刚刚看完首映场出来的，第一次被两个人这种相互依靠的感情感动到，想到我以前小学同学因为长的胖被大家歧视，那时候我没有像大家一样讨厌那个女同学，但是也没有去帮助她，而是一旁默默看着，看完这部电影其实心里还挺后悔的。不知道那个女同学怎么样了，也在想如果当时我对她散发一点善意她会不会有不一样的人生，校园暴力永远存在，如何去帮助受伤害的同学才是我们要探讨的话题，希望能引起大家的重视,力荐,233,30166972,少年的你
reave,谢谢你们的鱼,2019-10-25 22:40:40,这当然是一部教育部会害怕的电影，因为反霸凌的背后是一种真正的反叛精神，一种对于成人世界的不信任，这也才是少年的本质所在。毫不夸张地说，本片是林岭东《学校风云》之后最好的讲述残酷青春的华语电影，那种力量，那种残酷感，那种即使遭遇删改依然汹涌的深刻，都让人对所有主创肃然起敬。70年之际，大部分电影都在讲述着这个世界为何会好成这样，只有本片和《过春天》在解释这个世界为什么没有这么好，所以，它们才更有存在的意义，希望本片可以让某些人最后一次袖手旁观，鼓起勇气向这个世界的黑暗发起反抗。电影的力量不止于此，你的力量也不仅于此。,推荐,134,30166972,少年的你
158063862,(๑･傻傻･๑),2019-10-25 11:09:36,金马影后一点都不担心，很棒，易烊千玺属于厚积薄发型的演员，两个人表演很棒！成片效果超级好，太期待他以后的角色了，可塑性挺强，绝对值得看，剧情不透露了，最后希望每一个曾遭受过校园霸凌暴力对待的孩子都能得到救赎。,力荐,246,30166972,少年的你
firo,银谷,2019-10-25 18:15:52,易烊千玺很强，周冬雨更强，简直开挂！人物情绪张力十足的快要从电影屏幕里爆出来的，两个人的对手戏看的太过瘾了，被故事打动到了，出了电影院一下子都不能回神。,力荐,185,30166972,少年的你
184432831,独家记忆,2019-10-25 11:09:05,"易烊千玺和周冬雨简直就是小北和陈念本身 角色演绎得太精彩了 特别是易烊千玺 完全不敢想象这是他未经任何专业训练担纲的第一部男主电影 很多微表情都表达得太到位 太有感染力了 真的完全颠覆了我对流量的看法 整部电影很有教育意义 非常值得一看！",力荐,251,30166972,少年的你
1441177,怀璧不予,2019-10-26 12:22:37,看完电影走出来，等电梯的时候跟男友聊剧情，他对我说：“遇到什么事一定要告诉我，我会保护你的。”我看着他说：“你也一样，我也会保护你。”,推荐,130,30166972,少年的你
182023857,无敌小仙女,2019-10-25 11:20:24,我自己就是校园暴力的受害者，被随意欺负，所有人都不把我当人看，书桌椅子全部四分五裂，上个厕所回来，书永远都是被扔到各种地方，最后被逼的初中都没上完就回来了。所以我就很喜欢看这种题材的小说，悲伤逆流成河，少年的你我都看过好多遍小说边看边哭😭。2部电影也都拍的挺好的，只想让更多人意识到校园暴力的严重性。,力荐,234,30166972,少年的你
kangbaohong,康报虹,2019-10-25 13:10:02,"心如死灰的胡小碟对着镜头质问（观众）：“他们一直在欺负我，你们为什么不做点什么？”是啊，为什么我们从来没为他们做点什么呢？哪怕只是不再缄默。我们不是凌霸者（你最好不是），也不是受害者（希望你不是），但却是沉默的大多数。
摄影师余静萍将晃动的镜头摇向这个不被关注的世界，藏在昏暗街道、破败一隅的世界，被原生家庭扭曲的世界，黑暗的世界，偶尔有微光闪耀的世界，一个真实的世界。这世界游离于日常生活和灰色领域的边界，离我们那么远，又那么近。
凌厉的剪辑中，陈念和小北的面孔渐渐重合，混杂着伤与泪的少年面孔上有了光亮——这是最糟糕的世界，也是最好的结局。这句话同样适用于这部电影曲折的上映过程。能看到羽翼残缺的电影，是幸运的，因为有温度的电影不会受冷遇，有态度的电影不会被漠视，自由的电影总能冲破牢笼。",力荐,182,30166972,少年的你
spiky1920,alain.proust,2019-10-25 12:29:11,"看到两种表现和反思对少年的恶的方式：一是直给暴力场面，二是以表现少年的爱来反衬。阅卷场景竟然（在某种可能相反的意义上）有点《华盛顿邮报》的感觉，全片对高考相关镜头的处理其实是暧昧的，并非猛烈抨击，也绝非赞颂，在整齐划一中分割出一个陈念（想想刚开始她的那句“我们这里不交朋友”），她的反抗是以最大的力量融入它直至超越它来实现的，因此这反抗是积极的。ps.魏莱真的不是吴磊演的吗？",推荐,137,30166972,少年的你
veverlee,内陆飞鱼,2019-10-27 23:32:23,忍不住给五星，两个有灵气的演员，一个执行力极高的团队，完成了一个极具感染力的故事，来自现实却不落窠臼，压抑，解气，残酷，纯洁，周冬雨在审讯室里那一场戏和《小偷家族》里安藤樱受审一样，让人印象深刻，早就看那个短发、大肚子女警不顺眼，回怼得真好。看多了日本电影里的校园霸凌事件，对这个题材早就免疫，没想到国产片可以拍到这个力度和痛感，把高考阴影笼罩下的校园拍出了监狱般的压抑感，两个无助的少年像两个互相取暖的善良小野兽，社会就是一个大笼子，谁都概莫能外。,力荐,93,30166972,少年的你
141686537,小函BB,2019-10-25 10:18:24,"“你保护世界，我保护你”
我的小北 陈念
谢谢你在十月的末尾来见我
",力荐,233,30166972,少年的你
185990346,流浪者,2019-10-25 10:14:53,关于青春，关于校园暴力,力荐,230,30166972,少年的你
162563296,派大星去哪了,2019-10-25 10:54:05,能上映就不容易 棒！主演们都很棒啊 值得看,力荐,217,30166972,少年的你
200179305,melaniejng99,2019-10-25 10:40:48,易烊千玺加油！,力荐,210,30166972,少年的你
152955824,银杏猫,2019-10-25 10:53:53,看到未来的小北还在身后 保护着陈念 心中的压抑的苦闷得到了一些安慰救赎?说不出心中的到的是个什么感觉 就是感觉意难平 我现在脑子乱乱的只想哭😭 ,力荐,208,30166972,少年的你
mr_tree,凹凸,2019-10-25 22:51:10,《悲伤逆流成河》配不上和当不起的，《少年的你》都做到了，且远远不止于此。即便已经历删减，仍能看到它的批判是如此尖锐。,力荐,140,30166972,少年的你
23596911,爱吃火锅,2019-10-25 09:59:56,"黑暗中总有一个人给你希望给你光明，有点温暖的片子。
有青春，有成长，有爱情，有人性，能引起社会关注校园暴力和青少年心理健康，很有意义的一部电影，希望世界都是善良温暖的人。
主角易烊千玺周冬雨演技也都很不错，尤其易烊千玺 表现让人很意外，着实亮眼。",力荐,217,30166972,少年的你
157985878,原,2019-10-25 11:05:34,是让少女脸红心跳的少年,力荐,196,30166972,少年的你
CanaanYoung,迦南Canaan,2019-10-26 02:46:02,其实本质依旧是个白夜行版三流爱情故事，但完成的情绪非常到位。后来想了想这可能是个更适合娄烨的故事，稍微磨损掉了一些锋芒，但依旧是值得赞扬的。电影之中对众多议题进行了大胆且模棱两可的描写，我最喜欢的一个镜头，就是陈念身处高考考场，滂沱大雨之后隔着玻璃窗户望过去，陈念穿着的蓝白条纹的衣服在大雨的冲刷之后看上去就像一身囚服。这暗示了陈念一念之差铸成的大错，更暗示了高考和学校的牢笼。这种态度在大陆的大银幕上出现，实在是太震撼了。另外这部电影和周冬雨与易烊千玺相互成就，周冬雨太厉害了太会演了，四字闭嘴惊艳就对了。,推荐,90,30166972,少年的你
155503442,毛衣里的眼镜,2019-10-25 10:56:27,小北哥,力荐,202,30166972,少年的你
162700331,阿丘诶,2019-10-26 11:07:28,从刚开始就不值得,较差,56,30166972,少年的你
zntoborges,支离疏,2019-10-25 23:30:04,要平庸的导演拍，可能就会朝悬疑+青春+爱情的路数上迷而不返了，中间加些校园欺凌的点缀，然后宣传上又打着社会意义三观正确牌。而这部电影的好，就在于细碎而精准地描摹出整个欺凌现象的生态，青春共鸣与爱情感动是在这个生态中艰难地、有耐心地萌发的，没有割裂，而是交融，所以五味杂陈。剪辑太好了，频繁的跳跃却几乎没有无用镜头，信息的传达点到即止，大量闪回交替，决不拖泥带水。虽然最后的部分略显拖沓，个人以为在监狱相逢那一幕就结束比较好，不过两人演这么好，搁着谁也难下狠心剪去。,力荐,136,30166972,少年的你
196195226,TT Ting,2019-10-25 10:49:00,你保护世界，我保护你！超级好看！剧情人物演的太好了！,力荐,201,30166972,少年的你
iisakura,萨库拉,2019-10-25 12:49:01,一片沦为易烊千玺粉，不拿金像奖最佳新演员说不过去。每个为高考制度献祭了青春的人都可以哭掉一包纸巾。都说做电影是个减分的过程，那身为编剧最幸福的事，就是看到演员、摄影、音乐、剪辑、导演，每一个人都在为剧本加分。尤其是曾国祥，对内地的观察和把握足以让绝大多数内地导演汗颜，真心佩服。,推荐,100,30166972,少年的你
169581314,江上,2019-10-25 10:52:55,我们的现实生活太多这种现象了，无论是小地方，还是大城市，只要人口集中，只要有性格各异，就会有碰撞，有争执，但是，这样的青春，很痛，不是每个陈念都有一个小北，不是所有的痛苦都迎来光明，但是，人不可以没有信念。之前就特别期待这个电影给我们传达的信念，以及期待这个大班底带来的视觉享受，期待不一样的青春演绎。整个电影制作团队真的很不错了。,力荐,204,30166972,少年的你
188959732,一点点喜欢,2019-10-25 11:22:01,电影比我想象中的要好看很多，或许每个人都能在电影里看到曾经的自己，不一定是主角，在配角身上也有青春的痕迹。,力荐,195,30166972,少年的你
183401563,千里起解,2019-10-25 10:10:12,晚上去看！激动的不行了,力荐,204,30166972,少年的你
184700346,断点。,2019-10-25 11:16:18,"刚看完九点场，很早之前就对这部电影抱有期待，今天果然是完成了心愿。想说一下感受吧，这个电影的辐射范围很广，反映现实，涉及高考以及原生家庭和青少年心理健康等问题，两个少年，彼此相识，跌跌撞撞，相互救赎，互为彼此的希望和依靠，他们只有彼此也只信任彼此，我真的有被这种真挚又单纯的情感感动到落泪，男女主的表演也十分精彩，很戳人很挖心，他们就是我心中小北和陈念的最佳人选了，希望所有人无论多么艰难都不要失去希望，不要失去信念，愿我们的青少年都能够有一个良好的环境和美好的心。
最后，朋友已经约我去二刷啦哈哈～",力荐,218,30166972,少年的你
190867456,怀特慕斯糖,2019-10-25 11:08:59,其实一直不喜欢看青春片，不管是压抑现实向还是甜蜜恋爱，但不得不说少年的你确实是一部好片，团队很强，演员也很不错,力荐,216,30166972,少年的你
dekadeyang,德卡的羊,2019-10-25 16:33:57,86/100，这是部勇敢的作品。大量的不稳定手持与浅焦便已勾勒出这个破败的世界。纵使某张无形的大手让动作戏支离破碎，但我反而从那份不完整中窥见了生猛的意志。她是夹缝中向阳的雏菊，他是沟壑里滚烫的鲜血。反复特写的面孔！面孔！灰暗的瞳孔里满是质问！反射局部的伤痕，他们是少年，他们。//2019.12.17，影片赏析课期末考试二刷。,力荐,155,30166972,少年的你
Invisible___,朝阳区妻夫木聪,2019-10-25 13:16:31,看完的瞬间竟有些许恍惚，真的泪洒影院，没想到少年的你如此凌厉如此尖锐，就像一把刀子，狠狠插在这个社会被欢笑和天真遮盖的阴暗面上。陈念和小北是两只没有脚的鸟，惺惺相惜，只能不停飞翔，无奈只能不断下坠不断跌入深圳。光明和黑暗一线之隔，分道扬镳却殊途同归，两人给彼此的耳光，是一种孤注一掷的最后温柔。陈念的多次诘问，是对所有观众和整个社会的重重拷问，它把这个社会深层淌血流脓的地方扒开来展现给所有人，压抑，紧迫，让人大喘气却又紧紧牵动着所有人。一个看似光明的结局外加结尾的“和谐”段落自然有妥协之嫌，但也可以理解。周冬雨发挥出色，四字弟弟表现惊艳，对高考的展现如此写实如此有代入感，有几场戏真的想要给五星了。说是今年目前院线华语最佳不为过。,推荐,140,30166972,少年的你
196171234,Only,2019-10-25 10:18:17,生活中除了黑暗更多的是光 ,力荐,197,30166972,少年的你
196535802,😄,2019-10-25 10:12:19,超级好看，没想到会这么触动我的心，看完了很有感触，这是一部很有深意的电影，很值得大家好好去看看,力荐,205,30166972,少年的你
190777675,Xxxxx-yee,2019-10-25 10:47:24,你保护世界，我们保护你！,力荐,186,30166972,少年的你
187092053,清寂,2019-10-25 10:28:00,"讲述校园暴力时间，比较好奇。
拍的超级棒。👍👍👍👍👍",力荐,185,30166972,少年的你
158133392,little bai,2019-10-25 11:31:26,什么是善什么是恶什么又是正义  这世界真的非黑即白么  当“好人有好报  菩萨保佑”这句话说出来的时候还真是讽刺  一希望这世界生活在阴沟里的人都能够看到希望  主创用心了  泪点密集  居然还有笑点  ,力荐,192,30166972,少年的你
rakumm,匡匡,2019-10-27 21:26:14,“只有你赢了，我才不会输”，“你往前走，我一定在你后面”“你保护世界，我保护你”。害了我两升眼泪。影片的气息比较乱，剪辑台词都有点问题，所有的张力皆来自于两个人，两个特别干净的人。果然，只有痛苦方能理解和救赎痛苦。而一个人长大的标志是：同情。只有一句话可以送给这两个人：我们什么都没有，只有爱。什么东野圭吾啊白夜行，我想到的其实是《狗咬狗》。那时候，冠希老师也是凌厉、狠勇的少年。,推荐,63,30166972,少年的你
140537380,熵减,2019-10-26 10:53:49,媚俗耍酷。演技还行加一星,较差,48,30166972,少年的你
1693422,张大水,2019-10-27 23:27:28,"印象最深还是三段平行剪辑，一是誓师会与要钱，交代两个人命运的反差。二是开始高考与发现尸体，推动人物和剧情，三是审案小黑屋，刻画两个人的感情，以及两个人共同对大世界的抵抗。
可能是在重庆拍的原因，让我特别有代入感，滴着雨的黄绿雨棚，摆在书桌上盖过头的书，黄桷树的堡坎，都可以让我瞬间会到那个时候。也让我想起了之前混社会被杀掉的初中同桌，以及高中一个被霸凌的男生最后退学，几个当事人照样考上好大学的事。
最让我惊叹的还是导演是如何这么了解大陆青春的，从誓师会到考完搬桌这些细节。其实从《七月与安生》就有这样的疑问。而且连娄烨都带不动的马思纯都能带着拿影后，对演员的调教能力真的太棒，几个配角的演出都很精彩。
毕竟是从《维多利亚一号》就开始爱的人。",力荐,91,30166972,少年的你
185929459,雨,2019-10-25 10:29:31,你保护世界，我保护你,力荐,188,30166972,少年的你
205712241,,2019-10-25 09:54:52,真的太喜欢小北了,力荐,180,30166972,少年的你
169582974,来一斤栗子,2019-10-25 10:33:24,从开拍就一直期待的电影,力荐,173,30166972,少年的你
153015352,子卉哈哈,2019-10-25 11:05:56,好看！！！,力荐,190,30166972,少年的你
44412927,小范范er~,2019-11-14 00:34:17,热评里说不要这个男主的……我觉得2019年电影出来易烊千玺肯定会刷新你现在的观点的。看完后，就抄袭这件事我和我的朋友们讨论了很久，但不得不说，这部电影内核我还是有点失望，感觉是包裹了校园暴力的文艺爱情片，关于救赎却又有点故作深沉不对胃口的感觉。但千玺是赚够了宣传，不管怎么贬……我也还是弟弟粉只是说了路人观影感罢了,推荐,1,30166972,少年的你
weichengluanma,维城乱马,2019-10-25 13:47:30,“人生总是这么痛苦吗？还是只有少年时是这样？”“一直如此。成年人的生活里没有容易二字。而且，人生和电影不同，人生……辛苦多了。”,推荐,106,30166972,少年的你
177444128,你明天就吃屎,2019-10-25 11:26:06,不愧是金马班底，小黄鸭姐姐真的有灵气，演的特别好。四字弟弟很惊艳。,力荐,181,30166972,少年的你
155464433,外焦里嫩,2019-10-25 11:26:20,这才是青春片该有的样子。,力荐,174,30166972,少年的你
darlingtudai,刘小黛,2019-10-25 16:29:57,“我们生活在阴沟里，但有人依然在仰望星空。”这种题材能上映非常不容易，能看得出剪辑上的割裂，但是剧本完成度很高。韩国有《熔炉》《素媛》现实题材类型片，现在得见《少年的你》。非常可贵的是对学校细节的真实还原，这个世界没有未成年和成年，只有好人和坏人差别。校园霸凌根源都在家庭教育的失败，而不是贫富悬殊表象。易烊千玺演技让人惊喜，终于认清楚了这个少年的脸。结尾致敬了是枝裕和《第三度嫌疑人》，承转有些牵强。彩蛋有防欺凌宣传片，口号无用，但整体有教育意义，社会漩涡会将善良的人逼至绝境，“为什么她们都在欺负我，你们却不做些什么？”映射旁观者冷漠。期待看到完整版。,推荐,118,30166972,少年的你
55326845,圈圈,2019-10-25 11:31:03,刚走出电影院，影评让我缓缓…太真实了，只能说剧组牛逼。,力荐,183,30166972,少年的你
71812191,你温柔的爸爸说,2019-10-25 14:32:15,真的很厉害，两个人真的很厉害，电影里他们从头哭到尾，我也跟着从头哭到尾，演技配乐，无愧于这么久都等待，好片子不会被埋没。,力荐,151,30166972,少年的你
7542909,翻滚吧！蛋堡,2019-10-25 15:19:32,无论是曾国祥还是周冬雨易烊千玺都太让人意外了，这才算真正称得上“残酷青春”几个字。遗憾的是为了过审把两人结局处理得过分拧巴，但即便这样也已经足够尖锐有力了。片尾特别感谢又是大泪点，给所有夜晚出生的小孩，愿你们都能不再害怕明天。,推荐,110,30166972,少年的你
199885530,层林尽染,2019-10-25 11:20:38,不是一般意义上的青春片，一定要看系列。好的团队好的演员真的能深刻的讲解一个故事，哪怕不是阳春白雪的，不是情情爱爱的，可谁又说青春片必须一个调调呢！易烊千玺的演技真的颠覆我的想象，太好了，很难相信这是未经过专业院校系统学习17岁孩子的水平，那种隐忍张力，爆发力都向一张拉满弦的弓，有的放矢的力量啊。经此，易烊千玺完全踏入演员行列，不再只是流量。剧情不透露，真的要看啊，太牛了,力荐,185,30166972,少年的你
141439275,池浅,2019-10-25 11:27:02,当家长应该有门槛,力荐,152,30166972,少年的你
wxs723,又又,2019-10-25 16:01:45,两星都给题材本身。全片超过一半的大特写大光圈柔光逆光再加音乐，周冬雨大概哭了八百遍吧，假文艺范儿的视听语言真要人命，让人坐立难安如坐针毡。还有警察那条线也是真奇怪，搞得好像小警察喜欢陈念似的。讲真校园欺凌题材不好拍，拍商业片就觉得假和矫情，要不就一黑到底拍被禁的独立小片或者纪录片什么的。,较差,61,30166972,少年的你
155986877,BITerSoulRfresh,2019-10-28 16:44:00,如果我没看过白夜行和神探伽利略，我会给他四星,很差,38,30166972,少年的你
huanwen,萧湘,2019-10-26 14:30:06,互相信任击破囚徒困境。,推荐,69,30166972,少年的你
156736925,撒野,2019-10-27 10:38:31,就还挺魔幻的,很差,29,30166972,少年的你
HIDETOKAZU,海带岛,2019-10-26 21:54:51,确实不断脑内白夜行。觉得重点甚至不是欺凌，而是独属少年（大人的对立面）的邪恶与爱。少年之间不知后果之重的冷酷，以及同样不知后果之重的热烈牺牲，这个强度非常极端的世界让大人们的“正义”束手无策。两个人演得太好，配得上奢侈的大特写。可惜硬拗的金句对白在前30分钟让人扶额，后面就渐入佳境了。,未评分,38,30166972,少年的你
169596415,豆瓣用户0910号,2019-10-25 11:04:32,非常值的,力荐,174,30166972,少年的你
185977434,Flynn,2019-10-28 15:47:34,看完极度不适，恶心地想吐。情节牵强，人设奇葩，观影体验极差。,很差,39,30166972,少年的你
4655509,圆首的秘书,2019-10-28 01:09:14,无论从手法还是议题上讲，都是一部值得鼓励的作品，但与此同时，电影采用的一些策略也值得商榷。比如说，如此用力地去拍大特写，的确让人在视觉上非常窒息，情感上也很疲劳，如果说不断地流泪还能揭示内心的某种情感变化，这种宣泄的方法是不是也显得过于单一贫乏了呢？更重要的是，这种拍法很容易就让电影陷入失焦的境地，实际情况也确实如此，被霸凌者一个个浮出水面叙说自己的经历，而霸凌的动机依旧付诸阙如，霸凌甚或成为一个次要议题，真正的关注点变成了演员所谓的“演技”。当然，《少年的你》在商业上确实非常成功，走了一条不寻常的路，这种拍法满足甚至超出了大家的期待，但观众同时也失去了某种情感和道德上的选择性，失去了有关复杂社会现象的探讨空间——归根结底，你也不需要探讨，你只要认同就可以了，而这也是商业和审查的“同谋”。,推荐,60,30166972,少年的你
160580710,春城无处不飞花,2019-10-25 11:28:35,刚看完，冬雨妹子一如既往演技在线，千玺弟弟真的超出预料。剧情也很紧凑，值得一看。吃完饭上班啦，会推荐朋友们去看。,力荐,163,30166972,少年的你
200153180,好大一颗黎,2019-10-25 10:03:04,我喜欢一个人，我想给她一个好结局,力荐,187,30166972,少年的你
168691158,Cicily,2019-10-25 10:01:40,这部电影传达的是希望是相信，成长少不了伤痛，但好在前方有光。,力荐,169,30166972,少年的你
189776884,Bachelor,2019-10-25 11:21:59,前期压抑 是我真真实实的感受的压抑 是陈念渴望希望曙光却被眼前欺凌抑制的压抑 直到小北的出现 剧情推动主故事线 微弱的光开始缓缓晕开 剧情开始治愈方向 再说说导演 这部电影的班底是我从开始就无限期待的 影中运用的特写简直是大胆又无比的值得 不得不说 导演真的牛 无论是导演的大胆和专业还是主演的表演呈现亦或是所有剧组的辛苦付出无疑都是给电影好评奠定基础 男女主的对手戏真的行云流水 不拖拉 演技无疑 易烊千玺的演技真的是我特别特别吃惊的 未入学之作 领悟力真的太好了 周冬雨演技不用过多评判 影后就是最好的牌匾 不得不说 这部影评是我目前看过最好的文艺片之一 是二刷三刷都想要再扣细节的作品 是每一个青筋暴起每一个嘴角微颤都要细细琢磨的作品,力荐,158,30166972,少年的你
yalindongdong,方枪枪,2019-10-25 23:49:38,卧槽，看的过程太压抑了，但片子是真的好。社会现实（校园欺凌）+青春故事+犯罪悬疑，类型混搭的很棒，周冬雨演技一如既往地精准稳，易烊千玺这少年也是未来可期。两人最佳男女主提名毫无问题！,推荐,86,30166972,少年的你
longzheking,汪金卫,2019-10-27 23:00:26,2011年代的设定与当代手机通讯的严重bug冲突已表明电影无奈地被动过很多刀子。在片头片尾的棉花糖式包裹下，公映版尺度已大幅削弱。全片大量特写、近景镜头，捕捉角色细微的情绪变化。还好两位年轻主演经受住了镜头考验，在大银幕上没有露怯，表演可圈可点。然而，全片情感都有用力过猛之感，仅周冬雨哭戏就至少十场，台词控诉也过于直白，“你保护世界”这种话更显幼稚。虽然校园霸凌题材展现的突破在国产片已属难得，但依旧难掩与东野圭吾小说非常相似的剧作的平庸。反派死于话多，几个主要角色行为动机及性格转变方面有些经不起推敲。看完金马提名台片的好，确实很难“吹爆”此片。三星半,还行,41,30166972,少年的你
pajamania,变形的文科生,2019-10-25 11:52:07,易烊千玺没有演技，但胜在有一双少年老陈的眼睛；周冬雨演戏终于摆脱了太妹劲儿，几场爆发戏拿捏很精准很有力度，纵深上完成了整部戏的节奏。总体而言，因为前期外围因素的折腾造成观影期待太高了，看完反而有点失望。,还行,53,30166972,少年的你
136162380,SY阿大,2019-10-25 11:37:01,"我以前懵懂无知，不知道放学后那些男生笑嘻嘻堵着不让别人进的教室里，叮铃哐啷的声音是他们在打人踹人的时候撞翻的桌椅。
所以，我也算是当年无情围观的人之一吧。
不管是少年还是成年，善良都是一种高贵的选择，希望我能一直谨记。
周冬雨令人毫无压力地入戏，而小北这个人，除了脸和声音，和易烊千玺真的是完全不一样。
",力荐,166,30166972,少年的你
1815039,岩井俊七,2019-10-25 22:16:59,看完顿时明白为何本片上映之路那么坎坷，这哪里是校园欺凌片，甚至说是青春片都略有偏狭隘的嫌疑，因为它想表现的显然不局限于青春恋情与校园，这份野心明显触怒了某些人，更别说少年两人之间自始至终的直白的性吸引力，张力之强到“伪XX戏”一幕成为了内地电影里罕见的因性而生的催泪的悲剧力量，如此大胆而激烈，如此胸怀大抱负的电影，最后呈现却仿佛是被教育局的宣传片普法片附身，心疼我们的少年，更心疼我们的电影人卑躬屈膝摧眉折腰到何等地步，幸好影迷这些年来都练就了一身好武艺，我们都知道哪些是为“活下去”添附或改变的内容，哪些是电影人真正的意图，终有一天你们会和少年的他们一样，走在阳光下的任何一条你们想走的街巷,推荐,95,30166972,少年的你
200165843,小Huyen,2019-10-25 10:48:42,你保护世界，我们保护你。小北 加油!,力荐,148,30166972,少年的你
182182188,嘿哈,2019-10-28 14:51:47,这狗血剧情 还有周冬雨这尬批演技 服了,很差,33,30166972,少年的你
gorfee,古尔齐亚,2019-10-25 12:51:51,剧情和角色充满了回环和转折，却又合乎情理，剧本和细节打磨得很好，曾国祥这部作品是史诗级的，他试图将许多层面的东西叠加一起，易烊千玺的不良少年演技很惊艳,力荐,120,30166972,少年的你
44604744,素木,2019-10-25 13:30:25,个人觉得这是我近年来看过的最好的青春片，国内高考和校园霸凌都拍摄的太真实了！导演真的有在认真的探讨校园霸凌问题，也做到了让大家去反思，不做施暴者不做旁观者也不做沉默着，少年不明白的道理，需要大人去正确引导，需要更多的主体去正面去解决。另外，易烊千玺的表现实在让我惊喜，特别是监狱那场戏，情绪真的表现的太好了。还好结局还算美好，希望每个少年都有爱守护，希望每个少年被欺凌时都有人站出来发声，少年的每一天都是better dsys。,力荐,146,30166972,少年的你
155492565,Jacey17,2019-10-25 10:01:47,中国现在需要更多类似题材的电影跳出来。虽然原著争议性很大，但我仍希望这部电影能给观众带来一点点一丝丝的影响。这个心理是十分矛盾的。虽然认为抄袭融梗应极力反对，但又希望社会能因此更加重视校园暴力。,推荐,110,30166972,少年的你
ILWTFT,文森特九六,2019-10-25 13:46:16,空间中死去，声音中窒息，被不断破坏与凝视的躯体和脸庞，肉身同魂灵的残酷分离，一场德莱叶式受难记影像。并非局限于对“霸凌”的控诉，无形之力握住创作者的手，将高考、司法、阶级甩在了一旁，观众的焦点被操纵和局限，电影本身亦经历了一场漫长的折磨。片末的对视叠影迎来命运可能的缓释与回头，但青春一直凶狠，生活一直恶毒，那个语法词汇课上的例句描绘的乐园，我们该如何幻想和憧憬？大概只有些许年少生命的瞬间于地狱里真正仰视触碰到那片天地，在泪中，在雨中，在痛中，在笑中，在相逢中，在告别中，艰难着重生。,力荐,114,30166972,少年的你
196360918,[已注销],2019-10-28 16:03:25,一分给演员，人物单薄无病呻吟，逻辑不通，太尴尬了，值得两星，另外一个给抄袭,很差,35,30166972,少年的你
phoenix43,阿暖,2019-10-27 00:22:52,作为言情、校园霸凌、高考现实的三部分是完全割裂的，就好像恶意、嫌疑人X、白夜行也并不能真正合并成一部电影。微妙的违和感无处不在。可以说这部电影是锋利的、是宣泄情绪的，但我并不觉得它是诚恳的。铺天盖地的盛赞，大概是因为太久太久没有在一部中国电影里，看到哪怕最基本的表达欲吧。也挺悲哀的。,还行,33,30166972,少年的你
superlionisme,桃李不言,2019-10-27 11:06:40,负分给原著。满分给导演和演员。,很差,33,30166972,少年的你
Allan.Vr,南悠一,2019-10-26 17:52:53,一部混合了大聪明和小聪明的作品，大聪明是它洞察了时代的真相，小聪明是它连人名都带着玄机生怕别人理解不了。你很难说这样对与不对，它体现了磨剧本是一项考验智慧和工夫的行为，同时它也失去了某种作者个性，曾国祥只是站在台前的那个。,还行,40,30166972,少年的你
197345483,宁夕,2019-10-25 11:28:22,"我看完了马上来打分了，真的很好哭，“想活命就闭嘴”，看到后面的时候，我已经在电影院哭的天昏地暗，我现在已经失去了表达能力，反正就是很好哭。
生活中不是所有的“陈念”都能碰到“小北”希望，生活中的“陈念”能遇到守护她的那个人。
如果再来一次你还会这样做吗，
没有如果，而且我不希望有这样的如果
借用高考前老师对学生说的一句话
天就要亮了，光明就在眼前
",力荐,147,30166972,少年的你
169446006,牧云,2019-10-27 10:21:02,评分虚高了，没那么好看，莫名其妙的剧情，最后居然看出来白夜行的既视感,较差,41,30166972,少年的你
petercat,Peter Cat,2019-10-28 01:17:29,3.5，潦草且缺乏信服力第二幕导致第三幕冗长得有点情绪失范，当然不排除这是审查干预的结果。但仍旧心满意足拥抱少年浪漫主义，那是曾经拥有过的真挚。,推荐,39,30166972,少年的你
189456862,岱隐,2019-10-27 12:26:41,不想让原创作者心寒.....,很差,47,30166972,少年的你
157930709,lcy_,2019-11-30 21:26:39,太好看了太好哭了,力荐,0,30166972,少年的你
huhu1999,九只苍蝇撞墙,2019-11-17 05:47:18,2.5。直白、直接、直给。看了一小时左右有段平行剪辑才看起来比较像电影，其他时间要么是网大要么是MV音乐电视画面被混剪在一起。有趣的是，从它的拙劲儿和煽劲儿才能看出港片和韩片互相模仿的内在联系，此前其他大陆片学韩片都学成了半夜鸡叫。我的理解是，这一年来大陆电影在被强行灌鸡血上天拯救地球入地攀登珠峰的前提下，依然一路下行，到了年底终于出了部表述正常、人物都比较像活人的片，于是我们就都忍不住射了。,还行,29,30166972,少年的你
ruilixiurui,锐利修蕊,2019-10-25 13:07:42,叫嚣喊到最凶的“反霸凌”标题，原是为这部电影预告。联想今年“发声”的事件，对这个某种程度上更靠近真实的“青春”感到骄傲。周冬雨一如既往表现惊艳，减年龄表演对她本人来说算是又攻下一城。易烊千玺拿下新生代最会演戏口碑，这才是我们需要的“偶像演员”。另外那个坏女孩的“恶”也表现的很好，眼神里的狠劲像一个没来由的深渊，无辜吞噬掉这个晚来的“青春残酷物语”。曾国祥绕在青春篇，放大耳鸣是这部电影的振聋发聩。高考后的那段，也让人想到《李米的猜想》里的“没有人关心我们”，“人长大了才学会同情，那些不好的，都忘了”。电影里的欺凌和被欺凌，不是一句“成长”遗忘就能解决的。而这样反成长的青春片，是继《狗十三》之后生猛的萃取，进步是：也只能这样接着活下去。成长不外乎最后无解，绝望所言极是，无力的恶之果推向“未来”。,推荐,67,30166972,少年的你
dearghtree,亲爱的桂花树🌈,2019-10-25 17:42:01,"太猛了！太猛了！太猛了！
四字小朋友太猛了。
",力荐,99,30166972,少年的你
mlsslm777,扭腰客,2019-11-01 11:26:43,周冬雨好得不像话，每一帧都是多种情绪暗潮汹涌，面部大特写和佝偻的背影也都在戏里，尼玛再这样下去，搞不好会成为仅次于巩俐的“谋女郎”。易烊千玺有天分，又努力，能接得住周冬雨的戏，是了不起的淬炼。那些阴暗肮脏的青春，真的不想再提起。,力荐,39,30166972,少年的你
qiaotaizi,zitsunari,2019-10-26 16:10:09,即使抛开被迫修改的配音和后半段情节，观感也不那么舒服，它更像是（某种抓马的）虹孔类型片在借尸还魂，除了高考相关的部分，不少人物关系、行为逻辑都跟内地现实相去甚远。从最开头对2011年5月的微信界面的错误呈现开始，就已说明了这只能是一个架空感高于切身感的作品，借三个人物之口先后夸男主有多帅更透露了导演的急功近利。,还行,40,30166972,少年的你
akhexiaobai,阿柴,2019-10-25 16:51:31,很不错！曾国祥真的好会把不怎么样的原著小说拍成很不错的电影。周冬雨当然很灵，已经完全是可以独挑大梁的女演员了，易烊千玺是又灵又清爽，以至于显得站在他对面的黄觉尹昉都油腻了不少。,推荐,84,30166972,少年的你
pigeye,皮革业,2019-10-26 12:16:26,赢在题材和表演上，有些部分过于依赖两位主演的个人能力，特别是周冬雨，前面不突出“受难感”的地方其实没必要给那么多特写。至于故事嘛，真的相当东野圭吾……,推荐,38,30166972,少年的你
echo,Echo,2019-10-26 10:50:39,文艺作品涉及抄袭不配打分。 虽然曾志伟是个咸猪手，可没想到他儿子是个Ctrl+C Ctrl+V的剪辑大师。佩服,未评分,33,30166972,少年的你
hansean,Ontogenesis,2019-10-25 20:03:48,我最喜欢后面那一吻。,推荐,64,30166972,少年的你
205749152,红耳朵的小精灵,2019-10-25 09:54:22,最好的小北,力荐,136,30166972,少年的你
196545466,江湖骗子,2019-10-25 11:26:17,幼稚的恶意就是这么可怕啊，不讲道理，没有逻辑，带给当事人的伤害却不会减少。女主很幸运能遇到保护她的人，但是更多的人没有这份幸运，希望以后能有规章制度或者法律直接干预，减少悲剧,力荐,144,30166972,少年的你
147802208,卡塔利亚_RIA,2019-10-25 11:07:15,看到了周冬雨的突破，易烊千玺也让人惊喜！,力荐,117,30166972,少年的你
190783678,没猫,2019-10-25 11:12:52,"
不知道什么时候开始，人们把青春片定义为早恋，堕胎，狗血，一眼望过去就嗤之以鼻。

少年的你不是。
身处阴沟，也要仰望星空。

当生活给你致命一击，属于小北的是没有希望的生活，没有关爱没有目标，看不到未来。穷困落魄，只能武装自己，靠够硬的拳头生活。属于陈念的是莫名其妙的被卷入的风波，无休止的被校园霸凌，整日的胆战心惊。而她，只是一个想要通过高考改变自己的普通高三学生。

当两个苦难的人相遇，不知道是救赎，还是命运的唯一礼物。

他们好难啊，生活好不公平，旁观者好冷漠。可这就是世界。

保持善良，如果你也陷入黑暗，希望有一个人能同你在黑暗中做彼此的光。学会勇敢，对所有不公抵抗。

不知道所谓的没看过所以一星，带粉籍所以一星，流量所以一星，看过了以后再来改的朋友们到底是看过了还是怎样。",力荐,106,30166972,少年的你
csp,握不住的灵魂,2019-10-25 23:35:53,"作为一部披着校园霸凌的爱情片，
整齐划一的围观、一意孤行的反派、公正严明的询问，老派成熟的前辈和孤立无援的主角，全部功能性的营造影片气氛，导致整体的感觉是情绪大于角色，而情绪的共鸣又是来自影片之外的社会问题，少数台词像放置三天的罐头汤，听得跳出。

但有几场戏太棒了，男孩和女孩在一起，小北的眼泪在陈念脸上，陈念的眼泪在小北脸上。忍住不哭的那个人永远比哭的一方更难受，这个导演很擅长激发两个演员间的表演张力，单独一人还好，俩人在一起简直几何式的增长，这是表演上不可求的互相成就。ps尹昉的表演空间多给一些更好。

删减痕迹导致一些地方转折莫名其妙，角色NPC化。背后的取舍和折中不得而知，我们需要一个能够呈现多样化的世界，需要更多的人保有社会责任和担当，能看到这样的题材，现阶段必须鼓励，支持。",推荐,44,30166972,少年的你
176481346,押木茂,2019-10-28 16:03:44,并不好,很差,18,30166972,少年的你
172078250,小小的人儿,2019-10-25 10:18:29,两个演员真的演的很好，易烊千玺出乎我的意料之外，未来可期,力荐,101,30166972,少年的你
CharlesChou,CharlesChou,2019-10-26 23:11:11,由于种种天生限制和剧作本身过于表面（反派的人物弧为零，也没有任何对恶之源头的描写或暗示)，观感上输给《七月与安生》不少，单纯是一个表演性质的题材。但真的不得不夸曾国祥的实力，从剪辑到演员情绪调动到摄影都十分成熟，四字弟弟直接获得一个代表性角色，提名都是应得的。,还行,25,30166972,少年的你
192779686,Heir,2019-10-27 10:41:04,假。想学韩国电影，没有那种压抑的环境和文化，硬生生制造压抑。在中国，现实生活没有电影中那么无助，反面角色太过脸谱化，缺少人性，为制造矛盾把人物两极化，作为一部写实性电影，太失败。整体电影节奏把握不好，看的人一阵阵不舒服，导演在让人在观影体验这方面还需加强。,较差,27,30166972,少年的你
also57,57,2019-10-28 14:45:56,看完之后的感受跟《天才枪手》和《我不是药神》很类似。用很强的类型片的手法，来抵达一个同样有强度的社会现实。（和好莱坞一样），这很容易成功，也容易套路。大家都倾向于宽容和原谅各种不足，也是内在于这种策略的结果。但在广义的文化圈的意义上，不能把工业能力的提高等同于对这两种坚硬现实的反思程度，加上诸多场外因素的干扰，这会造成很大的混淆，跟风式的夸奖令人不适，延展讨论少得可怜。对我来说，片子里戏剧性地强化出令人窒息的上升空间、你死我活的丛林逻辑，是最重要的社会背景，也是最真实的部分。,还行,37,30166972,少年的你
ranwei,南笙,2019-10-26 16:59:51,演员能在荧幕上这样撕裂自己，简直太幸福了。,未评分,36,30166972,少年的你
56922790,哼哼哼哼哼哼哼,2019-10-25 20:37:41,"你，我
从很小就开始听人说：
写完这道题就好了，
做完这份卷子就好了，
中考完了就好了，
高考完了就好了，
去更好的城市就好了，
熬过这段时间就好了，
成年了就好了……
但，什么是“好了”，我们真的“好了”吗？
好多人说帮我们，保护我们，
但最后，还不是我们自己一点点挨过。
也许，真的有人保护过我们，只是那时，我们还是不顾一切，不知道什么是“好了”的少年，回不去的“少年”……",推荐,45,30166972,少年的你
122454843,胖官赵,2019-10-25 11:21:49,“没有人会对别人这样。”“我们不会，但他们是少年。”，仅止于此了。导演确实是在声声质问，但大概小说原本就是东拼西凑的，所以即使改编成剧本也挺奇怪的，霸凌、纯爱、谋杀、亲子什么的.....剪了后很多地方跳跃的别扭，周冬雨和易烊千玺表现持平，哭戏堪比琼瑶剧。尹肪帅死我了。,还行,45,30166972,少年的你
169626377,神奇宝贝皮卡丘,2019-10-25 11:11:50,易烊千玺演的真好，特别棒，电影开头是从现在回忆到过去，时间正好，剧情紧凑不拖泥带水，能将观众带入剧情中，小北念念受到伤害时能体会到他们的处境，后期还非常贴心的提醒大家防范校园暴力，剧组特别用心，赞👍,力荐,105,30166972,少年的你
68499588,天马星,2019-10-26 02:04:37,影片拍出了很多青春片都没有的青春本质：学会长大，可是怎么学呢？从没有人教过我们，那些不安惶恐与孤独就像梦魇一点一点吞噬灵魂。但是如果只把影片当成简单的青春片就太小看它了，影片最终探讨还是人，人的阶级属性，人的善恶属性，从这点来看，影片是国内版的《寄生虫》。二刷之后，我最喜欢导演最后一场戏的处理：陈念去看守所探视小北，两人啥都没说，两人就对视着，对视着，从笑到哭，又从哭到笑，这时观众已经明了两人已经说过了千言万语。最后两人坐上了警车，陈念最后一次和小北对话，其实两人是坐在两辆车上的，现实中两人并未对话，但窗外的光不时打在两人的眼上，两人虽未对视，但却像探视时对视一样，只不过这一次他们是通过光把话带给对方。多好的处理啊，两人深刻的羁绊，就在光与影的交会中深深刻在观众心里，这就是电影的魅力啊。,力荐,45,30166972,少年的你
xiaoxiaodeyuanz,远子,2019-10-27 10:58:20,有非常真实摄人的一面，有较为隐蔽的控诉，演技遮盖了俗套的悬疑设定，值得一看。,推荐,47,30166972,少年的你
148086677,木子,2019-10-25 11:10:04,温馨提示，别化妆带着纸巾，我也是心理很强大了，花着妆出来直接买了下一场的直接二刷了，这部剧真的很好看！深刻真实，周冬雨的演技真的厉害，眼泪说掉就掉了，还有最让我惊喜的四字弟弟，这部电影真的可以证明他演技的代表作了，他在流量小生中真的非常非常优秀的了！强推！,力荐,114,30166972,少年的你
mujun_soc,周沐君,2019-10-27 11:47:22,太长了。看到后来头疼。千玺的脸真适合大荧幕。希望他早日成为真正的演员。,推荐,47,30166972,少年的你
146536630,木石子,2019-10-25 11:31:41,两次校园欺凌的终结，一次是受害人的死亡，一次是加害者的死亡。前者是电影的开始，后者是电影的结束。陈念面对校园暴力，先是沉默，然后寻求合法渠道，最后以暴易暴，可都宣告失败！冰冻三尺非一日之寒，若要冰消，恐怕也得花好长时间吧！,推荐,83,30166972,少年的你
169578496,氹氹仔,2019-10-25 11:08:10,这部电影题材很现实很有社会意义，怪不得这么艰难！两位主演虽然年龄差了很多，但搭在一起真的很适合不会让人出戏！冬雨还是一如既往的发挥稳定，金马影后嘛！四字弟弟接这部戏虽然没经过科班的磨练，但眼神里都是戏，虽有青涩但表演张力还是不错的，很有天分！金马奖制作班底更是为这部电影保驾护航了！不错！,力荐,123,30166972,少年的你
malingcat,malingcat,2019-11-29 09:19:40,如此多的暴力，而最暴力的还是那个巨大的考试机器，导演给了“考试工厂”和高考场景那么多的篇幅，是有原因的。我们的教育制度，不培养正义感和人性，寒门子弟固然可以从“分数面前人人平等”中受益，但是这种比拼终究是残酷无情的，场景宏大的宣誓，孔明灯，飞撒一地的碎纸，掩盖不了这种残酷。魏莱等人的暴力从何而来，班主任和学校的不作为从何而来，缺少一个连接。少年的你们，以为考完了、步入社会了就是解放，实则不然，即将面对的成人世界一样暴力。所以陈念教孩子念着：“我们曾经在乐园里”。,推荐,27,30166972,少年的你
3115360,南茜,2019-10-27 03:26:58,东野圭吾精选集真好看,很差,30,30166972,少年的你
180447937,追风的女儿,2019-10-28 14:58:38,"      3分，不能再多了😂
      冲着豆瓣8.7和票圈诸多好评去的，结果挺失望。
      剧情逻辑混乱，人物定位不清。
      对于这种主题，应该很容易赚眼泪的，结果也并没有。
      票圈说周冬雨和四字弟弟演技爆表，额，好像根本不需要演技吧，当然剧本硬伤比较大。。
      化妆师水平不错，给演员“演技”加分了。
      片子太压抑太长，实名不推荐😅😅",很差,18,30166972,少年的你
162077474,小丹丹,2019-10-25 11:24:14,"作为两个孩子的母亲，已经不适宜也不愿意浪费陪伴孩子的时间，去接触那些常规意义上的“青春片”了。这次吸引我走进电影院的，是与孩子成长有关的“守护”、“相信”和“疼痛”。 是的，影片基调是暗的，灰白灰白。冷漠的社会、漠然的人群、自私的个体……但少年，却是鲜活的，想反抗、想改变、想逃离……正因为如此，少年间的感情才愈发美好温暖啊!说实话，我是爱这种反差的。不刻意、不迎合，敢于揭示、勇敢爱。所有的这些，导演越是不刻意制造，观众的感受就越是深刻。各种人物的细微、琐碎、随机和注定，仿佛积攒成了一股力量，森冷却蓬勃。这种反差，反而很抓心，让人生疼、心痛，却无语、凝噎。 
那时只有17岁的易烊千玺演绎的""小北""着着实实让老阿姨""疼痛""了一把，我不得不承认他的努力和天赋。孩子，好好走，路还很长。看好你[玫瑰]",力荐,96,30166972,少年的你
182149691,SLAM,2019-10-25 11:28:15,看完不知道说什么好，希望通过这部电影可以让这个社会更加关注校园暴力，周冬雨的演技真的很棒，他们俩还挺有cp感，弟弟真的惊到我了，没进科班学习前竟然可以拍的这么好，特别是眼神，好多地方我看到他的眼神我一下子就动容了，就完全可以感受到其中的情感，期待弟弟以后的作品，郑警官演的也很好，特别是说小北死刑那段。平常大家所知道的校园暴力者都是不学习的学生但是这个电影演绎的是同样是好学生，并且不是明白着的欺负，这也是我们所要关注的焦点，看完心情很沉重，但是值得二刷。,力荐,102,30166972,少年的你
185661074,我hello弟弟,2019-10-25 11:26:46,"你保护世界，我保护你，相信""相信""本身!
故事以倒序展开，这曾是我们最好的乐园！我们以彼此为依靠！在校园，我们可能都曾被孤立过，被欺负过，我们需要勇敢说出来！陈念和小北两个人因为彼此对生活充满希望！要么选择被欺负要么选择加入他们，一起欺负他人！故事讲的真的很好，剧情感人真实，演员演技在线 他们眼神里有戏，仿佛他们就是角色本身能，带很好的带入剧情！祝《少年的你》票房大卖！",力荐,90,30166972,少年的你
qiweiming750,Morning,2019-10-27 00:30:00,三星半。如果做电影分成两部分，提出目标和实现目标，我会觉得前者几乎可以拿到满分，围绕着演员状态穿插起来的前因后果的叙事，像是对一种法制陈述和专题片叙事的借鉴，伴随而来的剪辑也很重要，包括摄影将概念化进行到底，甚至小到比任何一个内地导演还要明白内地校服是什么样子这样的细节上，这个团队有汇聚力量去挑战的一面。但是实现目标这一幅度内，我就觉得乏善可陈，电影的主题内核实际上是逐渐变化的，将种种主题点作为了一个观众代入的臆想反派，讲到霸凌就是霸凌很恐怖，讲到高考就是高考很冷漠，讲到成人就是成人更加无情，在小的题点上不停的变化，没有试图到更深，节奏也很平均，常常同样大场的对话戏接在一起，到了最后就是要讲这个世界一无是处，我觉得是一种有内容的失控，比较像是有个妇人絮絮叨叨，也不是不能听，但就是不够智慧。,还行,29,30166972,少年的你
179853310,陷落美好,2019-10-25 11:09:06,这样的题材我是第一次看，千玺的表现真的超乎我的想象。太棒了，以后的你会越来越好的。,力荐,105,30166972,少年的你
helizhanglao,河狸,2019-10-27 01:49:55,按理说辛苦拍摄的演员和工作人员不应该背原著的锅，但是也不能因此就助长歪风邪气啊。,很差,27,30166972,少年的你
184691768,我叫叶zhizhi,2019-10-25 11:26:26,"看完了电影，真的真的真的很值得去看。
你保护世界，我保护你。
少年的你，青涩，无畏，勇敢。
去和暴力说不！",力荐,92,30166972,少年的你
57634132,萨罗迈拉,2019-10-26 12:37:33,从椅子上那滩红墨水开始，我的眼泪就没停过。整部电影弥漫着脚踏实地的绝望，以被霸凌的高考生陈念作为整个故事的前景，掀开了藏在课本后面的“屠杀”。写实程度让我恍然觉得在看某一部分的人生，那些拼搏的口号、翻烂的书本、母亲清晨起床的背影、去北京就能改变命运的执念、走投无路只能哭的夜晚，全都想起来了。而小北、母亲、同学组成的后景，全都被什么追赶着直到走投无路，因而“高考”就成了信仰，被赋予唯一的出路。可惜我们的青春里没有小北，我们自己擦干眼泪走出来，逼自己成为现在的大人。其实最让我感动的是，导演拍底层，不是俯视而是平视，悲悯之中满含尊重，让我们直视他们的眼睛，看每个人拼尽全力地活。联想到电影本身的命运，其实也是一个被欺负的“孩子”，保护好这样的电影，就保护了一部分电影的未来。,力荐,38,30166972,少年的你
120556744,二号宝瑞,2019-10-27 10:50:57,小说完全当做玛丽苏言情小说来看的，然后电影又想要升华主题，然而东一锤子西一棒子，搞什么悬疑推理？不伦不类,较差,19,30166972,少年的你
10770715,阳sir,2019-10-26 18:50:43,那个女警察问陈念为什么不信老师、不信学校、不信警察，她心里真的没有答案吗？陈念算是幸运的了，如果你真的有过上学期间被全班孤立过、被欺负过，你会知道你的身后没有小北的，没有垃圾桶里地放过，只有熬着再熬着。,推荐,42,30166972,少年的你
2473154,貓小三的意思其實是如果先生,2019-10-26 21:33:56,演员很好，感情也很好。拍摄和剪辑上的瑕疵明显到非常影响体验，派出所高强柔光是一例，不遗余力张弛无度的2/3脸特写是一例。Ps：她不止是第一个问你疼不疼的人，还是第一个问你硬不硬的人。,还行,31,30166972,少年的你
yellowmoonbird,晚不安,2019-10-28 13:39:33,"2010年代，华语青春片以泥沙俱下又势如破竹的面貌出现在新一代的观众面前。错误的观念被建立和拥护，不甘心的人把力量慢慢聚拢，然后有了《狗十三》《嘉年华》《过春天》《少年的你》，击穿太平无事下的为赋新诗强说愁。
周冬雨的雀斑和张雪迎长满粉刺的额头一样，都是刺破光鲜亮丽的虚伪的第一步。然后是事件和表现事件的方法，谁坠了楼谁挨了打谁装上了铁栏杆。接着是真实的限度，在社会议题里到底为现实打多少柔光，为爱情用多少蒙太奇，为结局用多少真实可怖之眼泪。最后是目标和技术，类型还是“地下”，市场还是作者，导编摄剪演完成到什么程度。团队做完全部的选择，大部分是对的。二刷完认定摄影是最突出的。
曾国祥完全证明了自己是一个专业、优秀的导演，他的出色在于把一个原本深刻但极易陷入廉价的故事拍得高级，而《药神》恰恰相反。",推荐,27,30166972,少年的你
166292943,城北有信使,2019-10-25 11:46:15,刚从影院出来，妥妥被四字弟弟圈粉！没有接受过专业的学习，可是一点也不输人。他的眼神太神奇了，会说话，有穿透力，第一次看到这样一双眼睛，令人心疼。他的眼神里透露出和本身年龄不一样的成熟感，真的很神奇，小北是个离他太过遥远的社会群体，可是他就是小北，小北也是他。他真的太有塑造力了，永远期待他不设限的未来。“你赢了，我们就不算输。”易烊千玺赢了，小北就不算输。,力荐,93,30166972,少年的你
vivian_levis,寂寞牌食之谜,2019-10-27 09:17:55,太尴尬的电影,很差,23,30166972,少年的你
btr,btr,2019-10-27 19:19:30,#长宁来福士  四星半。曾国祥有一种将情绪或无法言说的东西影像化（包括利用声音）的能力，作者风格在这部片中也更成熟。校园霸凌和爱情，缺席的父（母）亲和社会大气象，电影层次也足够丰富。只要去掉那些金句，后半段的节奏更紧凑些，就是满分。,力荐,40,30166972,少年的你
MeloTheFisher,烟波人长安,2019-10-25 12:05:01,有些超出预期，尤其是有一段女警察质问周冬雨“为什么不相信大人”，周冬雨露出一张复杂的嘲讽脸，像是在反问“跟你们说了，有用吗？”,推荐,40,30166972,少年的你
149152146,顗礼,2019-10-25 23:21:04,"正义无奈、理想无能、操蛋的世界谋杀了未来。
“如果世界是这样的话，你还愿意把你的孩子生出来吗？”把这句台词写出来，拍出来，并且用镜头语言跟前文的铺垫呼应出来，这个年轻的主创团队就赢了，“大人们”口口声声的说要保护“少年”，可最后的结果又是怎样呢？这就是对校园霸凌问题最深刻的反思，他们真的太勇敢了；中后段审讯室的部分大概是近十年来，不，应该是本世纪以来最高光的青春片段落，二人互为补充的空间构图、“大人”与“少年”间理想与现实的博弈、超高光与阴阳脸的对比，以及声画契合度惊艳到可怕的蒙太奇，太牛逼了。BTW，曾国祥正式成为最适合拍东野圭吾的中国导演",推荐,46,30166972,少年的你
angle223,不良生,2019-10-30 00:36:10,永远不要怀疑人性当中恶的那一部分，也不要以为它只会存在于成人的世界里。少年的宇宙有牺牲与甘愿，同样有软弱与欺凌；大人的森林有迂回与污秽，同样也有护全与真理。所以这与少年是否能够对抗大人的世界无关，而与人性幽微有染。丰美优沃的土壤能包裹畸形的根茎，腐烂黝黑的烂泥也能栽育清亮生动的花蒂。,力荐,26,30166972,少年的你
colinpark,西帕克,2019-10-26 09:14:00,曾国祥用显微镜一般的特写捕捉下每一张脸，不管是加害者，受害者还是旁观者，每一个细小的情绪都被放至最大。后半段转变为推理悬疑，互相否认却是深爱的证明，又虐又美。最终，一切又归于那只无形的手，让少年过早长大，过早跳入那片河流。,推荐,37,30166972,少年的你
xuyimeng,小A萌,2019-10-26 11:19:59,台詞寫了「從來沒有一節課教過我們，如何變成大人。」拍這部電影的過程也像一節課，它教會我們，如何做回少年。,力荐,46,30166972,少年的你
145264332,悲伤蛙,2019-10-25 12:02:01,我们在绝望黑暗的生活里互相打上一束光，你保护世界，我保护你。,力荐,75,30166972,少年的你
107034391,Jooooooc,2019-10-25 11:18:22,谁能想到 一个人在电影院看的默默哭泣呢 易烊千玺的演技🉑️,力荐,80,30166972,少年的你
Scarlett1020,你看起来很美味,2019-10-26 20:10:23,其实想给四星，但是导演的镜头语言真的太棒了，曾国祥太会拍了，感觉所有意象信手拈来好不费事，周冬雨真的灵到不行，易烊千玺更是惊喜。两个人最后对视那场戏的层次太丰满了。所以多给一星。希望曾导能拍出更好的电影。,力荐,48,30166972,少年的你
mario6688,鹿菏,2019-10-29 21:31:37, 在黑暗的电影院默默流了一个多小时的泪，出来的时候眼泪已经酸涩到快睁不开。我以为那个高中时期被霸凌的黑暗记忆已经模糊，那些曾经发生的事也都被我刻意遗忘，可是看到这部电影里那些熟悉的段落时才知道有些伤害永远都不会消失，只是被厚厚的结痂包裹住了，就算脱落伤口痕迹也会永存……,力荐,28,30166972,少年的你
5054748,闲人,2019-10-25 13:02:41,其实有点四六不靠，对校园凌霸这个议题的探讨没能处理得特别深入，前半部分男主角的戏份过少，导致爱情戏的部分看起来有点突兀，像是用商业类型片的素材做了一部文艺片。不过整个制作成色还是不错的，整体不如导演上一部《七月与安生》。,还行,37,30166972,少年的你
jywpl,獨孤島主,2019-10-28 11:26:20,时间太久不记得《白夜行》具体的展开方式，所以不讨论这个问题。直觉上，个人觉得《少年的你》里小北对陈念的情义非常逼近王度庐《古城新月》中柏俊青对白月梅的感情，那种“我一生都是失败，唯有你是我的成功”的彻骨卑绝，就好像在改换了年龄差的《少年的你》里原样复制了一遍，但导演绝对没功夫读这本小说。电影营造出令观众完全浸入的中国景观，也可能有点让习惯了掐头去尾斩中间国片的观众感到意外。上映首日，几乎所有看过此片的朋友圈，无论正在过着什么样的日子，都把自己代入了资深边缘人的角色，这才教人大开眼界。,推荐,20,30166972,少年的你
198699441,豆友198699441,2019-10-25 10:52:42,千玺演技棒棒哒👍！,力荐,82,30166972,少年的你
wangzhanhei,Heattech小伙,2019-10-27 18:52:52,年轻真好啊 年轻就是干 和这个烂世界互干到头破血流,推荐,37,30166972,少年的你
itzhaoxiangyu,心生,2019-10-26 20:31:45,9分。聚焦校园霸凌这个话题本身，已非常难得。那场凌辱戏拍得真实又绝望，会不自主想起真实案例的视频，越想越难过。周冬雨的表演一如既往的棒，藏在角色背后，把力量赋予角色，所有情绪从角色直达观者的心里，又是一次影后级表演。易烊千玺也非常棒，准确而克制，最触动人心的是他在哭泣时整个脸部肌肉的轻微抖动，所有的无奈、愤怒、心酸与祝福都在里面了。两人在监狱里对视那场戏，没有台词，但情绪会有几次起伏，且彼此倒映在画面里的玻璃上，很出彩的一场戏，两个人都完美消化了。片子有一种压抑感，融合了复杂情绪最终汇成的压抑，它源自受霸凌对象的内心痛苦，并扩散到影片每个角落。类似悲剧不会就此终结，但期待社会的不断聚焦和凝视，能产生更多有效的抑制力量，让乐园依旧是乐园，不会成为一些人的“used to be”,力荐,46,30166972,少年的你
76154263,没事写写豆瓣,2019-10-27 08:25:01,共生关系可不就是白夜行吗！！！,很差,18,30166972,少年的你
119881201,好像饮了风-,2019-10-26 13:45:29,以后都当文学裁缝好了 ,很差,10,30166972,少年的你
200804495,乱讲噻,2019-10-28 14:41:24,好一部嫌疑人周冬雨的白夜自首演技爆表献身行👏,很差,18,30166972,少年的你
sophiechou,迷特波鲁,2019-10-27 21:29:55,剧情其实一般，但是四字和周冬雨演得实在是太太太好了！弟弟太帅了orz,推荐,23,30166972,少年的你
198124184,痴迷张碳碳的小,2019-10-25 09:58:25,"“这个世界其实没那么黑暗，你可能总会遇到一个人或是一些朋友，他们会愿意去帮助你，而且你不是孤单的。” 
确实朋友是生活的指路明灯，电影的初心很好。
建议正处在青春期的同学都看一看。",力荐,79,30166972,少年的你
160756382,王治.Eden,2019-10-27 07:40:45,导演真的应该多看看同类的韩国片比如《韩公主》，跟人家学学怎么拍这样的电影…镜头对着演员打脸猛拍啊，演技不行你一遍遍的照女主雀斑和男主脸上疤痕有什么用？,很差,21,30166972,少年的你
182642037,张宏毅毅,2019-10-28 16:25:24,后面的老头带了一女的，抱着看，女的看到一半走了 老头也睡着了,较差,8,30166972,少年的你
62675594,赫恩曼尼,2019-10-29 23:54:08,1. 千玺的帅气，在于他帅而不自知，这是他和流量咖的本质区别；2. 粉了千玺六年，当他在银幕上哭哭笑笑的时候，觉得他就是小北本人，从这一点看，这戏成了；3. 周冬雨的哭戏超越了技巧，原来演员和观众的眼泪是可以共振的；4. 戏的立意有价值，又因为撤档、紧急排档等一系列背景和演员的精湛表演，口碑爆棚；5. 并不能只因这些因素，就认定这是一部艺术和技巧上都高超的电影，情感处理的细腻掩盖不了节奏的缺陷，人物的真实同时暴露了其他人物的扁平虚伪，结尾的引导并没有化解根本的矛盾。6. 只能说它引起了观众对被欺凌者的同情，指出了若干问题，但最终的一拳却打偏了，没有命中症结，而选择了以少年间的袒护、浪漫化的叙事、突然死亡的突兀戏码。7. 《少年的你》播出了，真为它高兴，也为千玺高兴。请继续做生机勃勃的少年吧！,推荐,26,30166972,少年的你
movieater,女神的秋裤,2019-10-25 22:07:37,没想到能把校园欺凌拍得这么引人入胜。完成度非常高，手持镜头、近身特写、交叉剪辑这些镜头语言非常丰富，演技无痕，最重要的是“真实”和“现实”。不是学校无为，而是无力，也不是警察无能，是无奈，问题也不只是欺凌，而是社会的真相。当宣誓和肮脏罪恶的角落剪辑在一起，讽刺得生猛又戳心。片子能上，不容易。,推荐,30,30166972,少年的你
10345879,赵启辰,2019-10-26 17:28:36,这部片能上映是今年唯一让我感到欣慰的事，它的力量让我反思自己做为一个成年人的一切，和做为从业者的一切。我很惭愧，也很抱歉。希望这些羞愧和自责可以转化为力量。,力荐,35,30166972,少年的你
stevecarell,基瑞尔,2019-10-25 12:38:40,实力放大版《悲伤逆流成河》 ，继续对霸凌给予最宝贵和真诚的关注。对于招牌白底黑字和片尾喊话已经心累，只能正面想到陈念关于“找你们有用吗”的那段呼喊已是范围内最大的努力。感觉两位演员被用得很好，电话两端的隐忍与嚎啕，之于周冬雨是对情绪戏控制的精准体现；有些远景的处理，和角色形象带来的本身不多的台词设计，对尚算新人的易烊千玺减轻了莫名的压力。那段有距离的守护，以及同走夜路的陪伴，是每个人都曾渴望的善意。,推荐,42,30166972,少年的你
145365996,Zac_Zhao,2019-10-26 15:01:05,🐶,很差,14,30166972,少年的你
153711744,🐻小山,2019-10-25 12:01:54,小北啊啊啊啊啊啊😭 这部电影，真的很棒！易烊千玺塑造角色的能力，真的很棒！看进去了！陷在里面透透的！还有周冬雨！真的也演的很棒啊啊啊啊啊啊 不说了！我吹爆😭 ,力荐,66,30166972,少年的你
69209955,.,2019-10-25 11:36:59,过于真实 引起不适 建议学校集体观看,推荐,63,30166972,少年的你
timbernord,TimberNord,2019-10-27 22:53:47, 前面很棒，后面拖沓了，好可惜！加一星鼓励,推荐,21,30166972,少年的你
145535232,储西,2019-10-25 11:20:39,每个人都会看到自己或多或少的影子，谢谢谢谢谢谢这部电影让我从头哭到尾。陈念谢谢你没放弃啊，小北，我期望着你的期望。♥️,力荐,75,30166972,少年的你
182491718,whyme,2019-10-28 16:42:29,嫌疑人小北的献身,很差,12,30166972,少年的你
maomaocao,紫苏,2019-10-25 12:06:22,曾国祥把易烊千玺拍出了张震的感觉！,力荐,64,30166972,少年的你
hjt8844,孟浪,2019-10-25 21:41:17,更像是中国版的《寄生虫》，校园欺凌和犯罪推理只是构成社会寓言的两大提喻手段，对阶级固化的讽刺和人性之恶的拷问才是整部电影最隐晦最本色的指向。影片的最大妙笔是没有把人物进行绝对化处理，尤其是周冬雨一角所承担的伤害、隐忍、反扑，这一系列的转变使电影有了更为深刻的内涵——人性的善恶转变有时就在一念之间，受害者某种程度上也是促成恶的一部分，复杂的社会链条中根本没有无辜的人。另外，山城重庆的空间结构以及各个人物的人名也在电影中化为了一种只可意会的次语言，并和司法审判、高考制度这类看似构成社会平等的治理政策形成了皮相之间的对比。当然，某些金句台词也写的太过直接，有点不符合现实情况，结尾又急转为光明的套路，这些也导致电影没有更上一层楼。,推荐,22,30166972,少年的你
Enjolras0712,Enjolras,2019-10-25 16:32:35,我观影时不幸步入了一个49个小女生加我一个中年男人的尴尬场次，当周冬雨问易烊千玺“硬不硬？”时，我听见了两个手机摔在地上的声音……,推荐,27,30166972,少年的你
mydear1011,城南草木生,2019-10-26 02:15:37,少年的你真好看。导演摄影演员剧本样样好，曾国祥好，易烊千玺好，周冬雨好，余静萍好，很多个好像差不多就行了的细节都能感觉到人家在较真和死磕。片尾看到了画着框的卢凯彤的名字，她给电影写了一首歌，叫FLY。卢凯彤是这部电影的摄影余静萍的爱人，电影拍到一半，还去重庆探过班的爱人不在了。想卢凯彤了,推荐,35,30166972,少年的你
xiaojia86,肖浑,2019-10-29 18:42:44,三星半。煽动情绪型电影。周冬雨和易烊千玺表演都不错，有几个细节打动到我了，可是这个故事本身比较薄弱，主角的关键选择并不可信，反派的作恶动机也欠缺挖掘，为戏而戏，只能靠矫情的台词和用力的表演硬推上去。,还行,28,30166972,少年的你
piggytea,杜扬Seatory,2019-10-30 01:08:14,"少年之爱，血性之勇。
这种分量与纯度，不够勇敢的人的确不配得到。",力荐,24,30166972,少年的你
44457357,黑狗成,2019-10-29 00:33:22,杰克逊易对本片的作用远大于曾国祥，那种似演非演的治愈力，成功弥补了导演思维上的平庸和缺陷。,未评分,18,30166972,少年的你
155146816,余烬,2019-10-27 09:41:13,"真他么一般，为什么那么多人吹爆，害得我带的餐巾纸都没用，去你妈的感人，ヽ( ￣д￣;)ノ还抄袭
",还行,22,30166972,少年的你
141986006,Hnnnnnn21,2019-10-26 14:19:11,除了四字弟弟还有啥呢,较差,6,30166972,少年的你
191649695,笑恕,2019-10-26 13:45:53,"四字弟弟的演技的确惊艳全场
但依然掩盖不了电影略显平庸的本质
只能说诛仙式营销极其败坏路人好感
更何况原作者是鼎鼎大名的“融梗天后”
再如何，电影影响力也不可能超越最近一系列的社会事件
希望经此一役，不会把四字毁了，听不到真实的反馈，太可怕了
望粉丝理性评价
",还行,14,30166972,少年的你
189170212,skr一下,2019-10-25 11:29:25,无意间在哔站看到这部电影的预告片剪辑，看了之后就觉得非常吸引我，等了这么久电影终于上映了所以赶在第一时间去看了，总体来说就是不负期待，不管是剧情还是演员的演绎我都十分喜欢。周冬雨的演技真的是神了，我看她哭我的心也跟着碎了，四字弟弟虽然是新人又跟影后搭戏，但表现的非常不错，眼神台词，细节处理的都很好。我觉得最值得夸的是电影配乐，能够把人瞬间带入到剧情里，同时也很喜欢导演对小人物/配角的人物刻画。希望每个人在绝望的时候都不要丧失希望，有时候你觉得自己孤立无援，其实有很多人都站在你身边。,力荐,78,30166972,少年的你
3064233,石头摇篮,2019-10-28 14:58:44,非常好看，扎实细密。被真实扎痛，一次又一次。常常都觉得成长简直犹如过地雷区，不知道什么时候就会踩响一颗，自己没踩到，也可能会被别人踩到的伤及。当然，往开里说，整个人生都如此，但成长期最为集中，因为他们还在成长，还是儿童或者少年。成人最当自醒的是，对人好一点，教自己的孩子对人好一点，如果我们还没被影片隐蔽批责的那些东西腐蚀坏掉的话。最后，必须赞易烊千玺。,力荐,46,30166972,少年的你
nipperbeta,开膛手贝塔,2019-10-25 16:56:44,是细节的胜利与生活的胜利。矫揉造作的，脱离现实的，柔光滤镜的，姿态暧昧的，全部把你撕破，然后从那面子上伸手进里子，拉出那黑色的，蓝色的，鲜红的还有透明的给你看，你看到里面有多少无奈无助无处躲藏，那就有多少无穷无尽无处不在。少年的你是少年的样子，少年的样子，就是善良而不会表达，但你知道他善良的样子。,推荐,24,30166972,少年的你
196205239,绵羊星,2019-10-25 11:20:39,"   “那说好了
你保护世界，我保护你”
太好哭了 
   周冬雨的陈念和易烊千玺的小北组合在一起丝毫没有违和感好吗 完全看不出年龄差！周冬雨太适合陈念这个角色了 ，还是那么出色，小北这个角色千玺诠释的太好了，他善良,勇敢,叛逆，见过肮脏想要相信世界却又不敢，这种内心的挣扎他演出来了！我喜欢他的眼神戏！易烊千玺这个演员，他太能给我惊喜了！
    当然 电影内容本身大过演员，电影立意挺好的，最重要的是，看完电影，能够让我们注意到，甚至是重视电影所反映出来的一些社会现实问题，这点还是挺好的。当然 ，还是要相信世界，它总归是美好的。保持我们最初的心，善良的看待世界，善意待人。
    最后夸一下这个电影的团队，真的太厉害了，希望所付出的每一份努力都能有所回报。
    少年的你，冲啊！！！",力荐,68,30166972,少年的你
grinch,大奇特(Grinch),2019-10-25 22:34:59,披着校园霸凌外衣的言情片，全片只字不提爱，提的是男女间不言自明的默契和陪伴是最长情的告白。案件本身有着东野圭吾式的以人为本和为爱献身。高考的段落用了太多笔墨，有些脱离主体。有些台词和镜头是拍给审查用的，不容易。易烊千玺很不错，不是偶像是演员。,还行,14,30166972,少年的你
172069107,第十九个,2019-10-25 11:46:13,"少你的叙事长于抑和扬，尺度把握得刚好。影片的基调暗淡但是又有暖光相辅，符合主角的无助和希望。曾国祥好会拍这种片，七安的自我本我和超我的阐述就很深入。另外还有很多隐喻镜头也很绝，看出剧组的用心了。
很开心看到无病呻吟的影片越来越少，导演也开始越来越“敢拍”，能够直面现实题材。这不是坏事，可以去俯看夹缝面对现实才更有人情味，人情味是得观众心的良药。
希望世界上千千万万的小北和陈念，都有人去爱他/她，祝他们找到希望
最后私心说一句，易烊千玺赛高👍🏾👍🏾",力荐,62,30166972,少年的你
2128563,沙老怪,2019-10-26 03:07:55,惊掉下巴。这才是我想拍的电影。,力荐,22,30166972,少年的你
163614188,叶太美,2019-10-25 11:02:05,主线故事太不清晰了，高考、朦胧的爱情、 原生家庭这些东一块儿西一块儿，特别混乱。还是没有摆脱青春片的套路，说是校园霸凌，说白了还是一部狗血偶像剧。但说实在的，比之前郭某那玩意儿好多了。,还行,27,30166972,少年的你
140600744,SebMia,2019-10-26 22:09:05,王尔德告诉我们：“我们全掉在阴沟里，可有些人却仰望着星光。”但他却忘了提醒我们：“仰望过星光后，阴沟里会显得更加阴暗。”,推荐,19,30166972,少年的你
maguojin,Hedge News,2019-10-27 09:33:27,呕，一首蔡健雅的歌……,很差,5,30166972,少年的你
80058700,梦梅仙人,2019-10-28 16:33:06,见影评：抄袭的你，如此作呕——这才是真正的沉睡魔咒！,还行,4,30166972,少年的你
83700140,三丰唐龙,2019-10-26 10:58:12,还行吧，吹的有点过了。,较差,9,30166972,少年的你
qiaonasen,乔纳森,2019-10-26 10:41:29,由于在视觉、艺术形式上无所贡献，所以该片不能打五星。但它可以得到结结实实的四星。其中对人与人之间的情谊和信任的刻画，非常动人。的确是好片子。两位主演的表演，虽然还不是最高水准的，但朴实感人。,推荐,16,30166972,少年的你
48554953,基闹,2019-10-28 19:08:38,曾国祥对影像的处理和演员的调教简直提升到不可思议。他拍情绪，委屈是陈念蹒跚佝偻的背影，温柔是小北藏在伤疤中的眼睛，恨是用力咬下的齿痕，爱是的两张流泪又微笑的脸重合在玻璃窗上。演员领悟的也好，周冬雨也彻底摆脱二傻子少女，完美诠释这样更加敏感复杂的形象，那么多场哭戏竟然完全用不同的情绪诠释。四字也是超出预期，和影后对戏不怯场不违和，太值得奖项鼓励了。,力荐,23,30166972,少年的你
122143116,白衬裙少女,2019-10-25 10:04:38,晚上看，先给四字弟弟一五星,力荐,62,30166972,少年的你
jeffersontang,归宥,2019-10-27 09:42:29,昨天一场坐无缺席，后半场渐渐有细细的抽泣声音，断断续续，久而不断。这电影太让我惊艳，导演对镜头的把控如此细腻，大特写的孤独自我、跟拍、手持的真实感，虚化镜头、构图恰到好处，冷冽而沉郁，四字弟弟和周同学完美地诠释了这个剧本这个年纪该有的刹那芳华，阴郁的格调下，一直在守护那片仅有的温存。剧本触及颇深，找警察、找老师，最后才找家长--都打工维持生存去了，细想也就懂了。社会环境现状如此，校园霸凌这种事，影响人格一生，一辈子都过不去的，人最大的恶不过如此。“阴影下抬头见都有阳光”，“你保护世界，我保护你”，虽然这及其中二的台词以及跟某著名日本小说及其相似的设定，好在结尾回归到了初心。这片子真了不得，如今这种华语片不多了。8.5,力荐,17,30166972,少年的你
194785283,钢铁侠,2019-10-25 10:00:23,看过原著小说的我，并不关注着说电影能还原多少，因为小说真的太沉重了，那种仅仅是文字描述带给我的都是连呼吸都能痛起来的感受，那种不能将代入自己的感受……少年的你本该无忧，本该如花绽放，可你确有着那么多的痛苦，考上大学就能脱离现在了，离开这个城市就能重新开始了……多么美好多么坚定的信念，真希望这将是真的。,还行,30,30166972,少年的你
JoGreen,伊夏,2019-10-25 21:16:00,这是什么毒性百分百的爱情？！我家冬雨是当代周迅！我见犹怜！我都想保护！黄觉演技太差了！看看我家小黄鸭！郭敬明也看看！这才叫有社会意义的作品！,推荐,15,30166972,少年的你
smokey,安东,2019-10-31 19:31:46,“你和我不会，但他们是少年啊！”一句话把我整心酸了，怀念少年时啊，那个可以为了爱奋不顾身，为了爱在深夜里心痛流泪的少年时代。现在，只剩心肌肥厚了。真好，曾国祥，周冬雨，易祥千玺，都好。,推荐,14,30166972,少年的你
linyunke,*ST斐济猫,2019-10-29 20:46:54,我终于看到了一部这个时代的国内应该出现的文艺作品，并且表达了如此彻底的对社会普遍管制机制的批判，还有抵抗的决心。它要说的远远不是校园欺凌，这可能就是它被压档期的原因。,力荐,18,30166972,少年的你
lm498521969,李濛Lemon,2019-10-25 20:07:10,两处设定很有讽刺意味：一，陈念作为尖子生，遭受到严重的校园欺凌后，竟然需要向社会混混寻求保护，这样的情节直接打了家庭、校园乃至执法机构的脸。二，陈念的母亲，单亲妈妈，没有文化，要靠卖三无产品为生，甚至在孩子高考前跑出去躲债，她竟然是全片最关心最疼爱孩子的家长。,推荐,18,30166972,少年的你
151992952,别急,2019-10-25 11:31:51,看哭了，节奏略慢，不过不影响整体感受，演员的表演都很到位，五星鼓励,力荐,50,30166972,少年的你
maboxian,马掰掰,2019-10-28 10:53:26,故事就是那样的故事，被欺凌少女遇到校外阿飞，阿飞为少女背负罪名，想想确实还是晋江玛丽苏路数，可是你架不住导演会拍，更架不住周冬雨和易烊千玺演技爆发，就电影成品来说，肯定是这几年排在前面的青春片了，风格化也做得很好。,推荐,18,30166972,少年的你
satan163,艾晨,2019-10-25 23:03:20,还可以。以及推荐一下《十三棵泡桐 (2006)》,推荐,11,30166972,少年的你
67876993,静静的投资,2019-10-26 18:54:33,觉得好看的，基本都是书读的太少了。让子弹飞一会儿就会现出真面目。,很差,10,30166972,少年的你
42927631,所有团的团长,2019-10-28 22:56:07,易烊千玺贡献了影帝级别的表演，周冬雨也终于不是演什么都一个样子了。就是故事的起点有点奇怪。在我读高中的四线城市，如果年级前十被校园暴力，一般老师就先把施暴者打死了。。。,推荐,15,30166972,少年的你
petertang,唐朝,2019-10-27 03:12:13,"不知道算不算是近十年来，或者说是我唯一看到的少年控诉/抗议成人世界最直接的一部中国电影。这是强调长辈权威的中国文化里，很难看到的一种情绪表达，并且还在不断遭到扼杀，尤其是当成人的代表是警察时，就更困难了。最后男女主面对警察审问时，为了保护对方和自救，交叉剪辑呈现的两人陈述，精彩绝伦，国产电影里从未感受到的轻蔑成人的情绪涌上心头。虽然这是国外电影或是某类特定国产宣教电影司空见惯的情绪表达，但这是国产电影里第一次来自真正意义上有受害者灵魂的控诉。任何人不会因为看一部电影倍受感动，就更了解被霸凌者的处境。现实没有上帝视角，往往充满误解和偏见。因此，看到、意识到问题存在才更加重要，有了这步，才有探讨、反思的可能，不然只会沉浸在岁月静好幻想中。
",力荐,21,30166972,少年的你
chaosinchaos,吵,2019-10-27 17:00:52,3.5。演的是真好，反倒掩盖了故事本身的普通。,推荐,18,30166972,少年的你
summerwoods,夏树,2019-10-28 02:27:57,其实文本是弱的，而且有的台词其实不像是生活中会说出来的话，但是男女主演技太厉害了，张力极强，让不合理的合理了，是一部名副其实的演技驱动型作品。周冬雨靠这个角色拿个金马是没问题的，四字最佳新人也是很有把握的，可惜这届金马不能参加。按这个轨迹成长下去，周冬雨就是下一个周迅。当然，如果没有审查，这部电影会更完美。,力荐,17,30166972,少年的你
166039281,[已注销],2019-10-25 10:33:06,绝大多数人的遭遇过的暴力里并没有爱，虽然爱可以让人感受到温暖，但可惜那些真正在黑暗里哭泣的人看不到拯救他们的光💔我遭受过的暴力与痛苦，是自己熬过来的，我遇不到朋友，更遇不到爱。所以这个片子很矛盾，光暗交织，与盲山、嘉年华等并不相同，我渴望的救赎，不止这样。我不想要一个拯救者，我想要的是能回到阳光普照之下。觉得用情感就可以弥补校园暴力所造成的伤害的，就可以实现救赎的，太浅了。,还行,34,30166972,少年的你
194314575,judy姐姐,2019-10-25 10:02:19,"少年的你牛逼！曾国祥牛逼！周冬雨，易烊千玺牛逼！
哭到抽搐，可最后却被治愈了。明白了为什么电影英文名会叫“better days”，我们很好，不需要任何人祈祷。
最后小北和念念那三分钟对视戏份，可以载入经典了。
不管怎么样，这世界还是充满希望的。
今年最喜欢的片子之一❤❤",力荐,53,30166972,少年的你
50619020,每日可爱二百人,2019-10-29 18:19:47,三星半。没想象中好。原小说没看过，据说已经尽量拔高了，但还是看得出原文底子实在差，拔都拔不上去。这部戏最大的问题，我觉得是悬疑的部分不够悬，抒情的部分又不够令人信服，整体就漂着，不上不下，全靠演员卖力去演。真正好的剧本不需要卖力，自会有举重若轻的力量。卖力是末流，出大力赚眼泪，不高级。倒是结尾卢凯彤的歌更打动我一点。想念卢凯彤。,推荐,17,30166972,少年的你
wusequanwei,五色全味,2019-11-04 00:30:40,高考議題上做出了一些殘酷的寫實意味，處理霸凌故事卻非常純商業思維，無非賣慘和煽情，霸凌的反面角色（一個漂亮的富二代）被塑造得相當臉譜化和粗淺。那些淺景深大特寫沒完沒了的眼淚也過猶不及。借社會議題行商業之實，兩邊討好，倒甚得陳可辛精髓。ps：易烊千璽不錯,还行,9,30166972,少年的你
4914375,樱桃肉丸子,2019-10-26 14:30:24,啊啊啊啊周冬雨绝了，怼着拍也那么好看，比弟弟大8岁看起来像16，演技当然就不说了。弟弟也很惊喜，有超乎年龄的成熟，跳舞又那么好看，前途无量！剧情让人太压抑了，就是有些拖沓，总的来说超出预期。,推荐,18,30166972,少年的你
193933091,come on,2019-10-25 11:08:50,愿这个社会可以温柔的对待你，没有伤害，没有悲伤，小北真是勇敢，生活中能多几个小北，大家都能和平相处，该有多好。,推荐,42,30166972,少年的你
84711636,ncbdwdmz,2019-10-25 12:02:54,周冬雨发挥稳定，易烊千玺远超预期。,力荐,38,30166972,少年的你
184714202,废话那么多干嘛,2019-10-25 10:02:15,太激动了，好看，我现在组织不好语言，等我平复一下再来写长评,力荐,42,30166972,少年的你
yeun,默语生,2019-10-27 00:33:04,曾国祥掌控力很强，展示了很好的导演功力，男女主也奉献出过硬演技，应该说是某批小鲜肉中的巅峰。电影感和情绪是到位的，也揭露出了底层社会冰山一角，为此有删改痕迹。但是接下来我要但是了。这个剧本在细节上很怪异，时空错乱处很多，最后校园、社会、悬疑都不占，甚至言情上也不怎么成立，核心矛盾反复横跳导致后一小时全面崩塌，不知该聚焦在哪里。感觉是想说得太多又没拎清楚，建议改编成电视剧好些。至于结尾字幕单屏打出某人原著我是绝对不同意的，东野圭吾老师就不配有姓名了吗？,还行,12,30166972,少年的你
conanemily,米粒,2019-11-10 14:13:26,确实有很多东野圭吾的影子，但这部电影更多的是在高考备战过程中的细节刻画让同辈的我们找到很多共鸣，那些书桌上比人还高的一摞试卷、教学楼挂满激励话语的条幅、甚至每次月考后换座位的这种我以为只有自己班主任才在做的事，在电影里看到感觉很神奇。这种奇特难忘的经历当然我并不能说它就是人生必经的，就像其实对校园霸凌的抨击更多的应该侧重在描述高考被无数的人放大为人生的转折点这件事是多么的无理又无可奈何：贫穷的人家需要它来换命，富贵的人家需要它来正名，绝望的人需要它来获取希望，但这一切是否都是虚无缥缈，是否都是用一种痛苦来转移另一种痛苦呢。影片在这方面有一些涉及，但更多的可能因为审查原因而变成了旁敲侧击。修改痕迹还是比较明显的，比如那句“未成年人犯罪也要负责任”听声音就不是一个时候录的...,推荐,16,30166972,少年的你
51016659,二火山,2019-10-25 17:26:49,悲伤逆流成河字面是什么感觉，曾国祥全拍出来了。,力荐,21,30166972,少年的你
satoruyamap,出会,2019-10-28 14:32:54,陪朋友去看的，看完出来后我俩都说怎么有那么多日本电影的影子,还行,10,30166972,少年的你
doloreshaze,csh,2019-10-25 12:06:37,视听风格以大特写为主体，但景别变化中蕴藏的隐性叙事非常有趣：在获得小北的「守护」之后，暂时呈现了一系列中远景段落，但最终还是要用大特写直面镜头，消解最初同等景别营造的闭塞感。,推荐,14,30166972,少年的你
153112416,思路乐,2019-10-26 21:20:04,【A+】我终于等到了，一部真真意义上实至名归的年度华语最佳，甚至放眼整个10s的华语影史，都可以排进前十。曾国祥、周冬雨和易烊千玺在影片里的表现真的只能用开挂去形容。影像风格的高度作者表达，表演实力的真正价值认可。这种进步与成就实在是太让人惊喜。那关于电影外的争论呢？也的确值得稍微聊聊。但，这是电影，这是今年我在电影院看过最伟大的华语电影，是真正的影像艺术。所以，请那些脱离与影片本身的东西都走开。毕竟，争论会过去，而影像将永恒。,力荐,16,30166972,少年的你
1852864,婴儿,2019-10-28 16:08:31,高考结束后变成了另一部电影。一扫之前的平庸和无趣，羽化升仙了。而且是借光影和意象为翅膀，这是真功夫。,推荐,0,30166972,少年的你
stilesyu,Stiles,2019-10-25 15:42:10,"虽然一再推档,但势必成为今年的国产话题之作.开场一个干净利落的闪回将人瞬间拉进黑暗的高三回忆.大量近景特写镜头力求还原真实并无限逼近人物内心世界.无奈人物是故事里的符号,故事是编剧一厢情愿的悲剧.只有摄影是真的——摩托车穿过隧道里的光,审讯室里逆光通亮的脸庞,狱中探视窗上两双重合的面容,这些镜头和人物的表演赋予了这部电影生气,故事本身就随它去吧.",还行,11,30166972,少年的你
GZ,VeryGZ,2019-10-26 15:09:40,双子杀手是抱着极低预期去看结果比预期低了一大截，少年的你则是抱着极高预期去看结果还比预期高上一大截。开场戏调度便技惊四座，此后剪辑、摄影、配乐，样样俱佳，两张面孔完全禁得住浅景深特写，易烊千玺的眼神已印刻在脑海里，久久不忘。为了过审有改动痕迹，时间线整体往前推了几年，首尾套了个“壳”。@慈云寺,力荐,15,30166972,少年的你
60599665,肖恩恩恩恩肖,2019-11-08 11:14:38,哪哪都对，啥啥都好。连很多扯的很远的空镜都带人入戏，积水的地面，雨搭的水花，封印的试卷，全都是情绪，全都是戏。七月与安生的时候，还离不开旁白，但这一次只用镜头语言就能传递情感。周冬雨每一场戏都好，甚至身为学渣还演出了好学生的矜持骄傲，但重点是她完成了东野圭吾塑造这个角色的时候真正想让她承担的功能——一个陷在地狱里的天使，她让人情不自禁想要去救赎，因为她好像拥有最干净的灵魂和眼睛。恰如这个杀手不太冷里的娜塔莉波曼。出电影院的时候和朋友感慨，看了三版嫌疑人X的献身，终于，终于，终于有人能拍出那个味儿了。,力荐,23,30166972,少年的你
Zizou_Vam,托尼·王大拿,2019-11-01 16:56:41,陈念与小北分别代表着在校园内与外受到侵袭的少年，隐忍与狂放不过只是是各自故作坚强的外壳，当身无一物的他们联手开始对抗这个世界的时候，亲手埋葬的却是“未来”；那细碎到黏稠的情感不停的压迫着神经，在黑暗与暴雨后迎来的放晴似乎也只是一瞬，最后的监控画面乍看像是皆大欢喜，但细究更是令人不寒而栗的现实。在部分情节处理上的囵囤无法掩盖整体闪光的春秋笔法，阳光总在风雨后，可谁又能预测风雨会持续多久、有几人能挺过风雨的煎熬？,推荐,9,30166972,少年的你
57604339,王俊俊,2019-10-25 20:07:42,作为曾经被欺凌的受害者，前面就哭了很多次。但即使离开这个题材，电影本身的质量和情绪，也非常棒。曾导演很牛逼，很会营造氛围，后面也很感人。细节和层次太牛了。配角也好深度也好，各种点。但是感觉改过结局，后半部节奏失衡。周冬雨演技太棒，易烊千玺最后结尾呼吁反霸凌的时候很帅。这电影值8分。不掺水，真的值。（顺便，郭敬明说他是国内反霸凌第一部来给自己站台，曾国祥笑了）,推荐,19,30166972,少年的你
1591741,HarperDie,2019-10-25 23:29:28,曾国祥真的很难成为作者型导演吧？那种异色的拍片气质似乎从未属于他。可他就是能把为人的苦，刻画出丰富。这样的事物感知对准校园霸凌，像散弹枪一样射得人痉挛蜷缩。无能为力地吞咽不平，眼角随时决堤。此情触及你我，更是对社会病灶亟待救治的急迫。易烊千玺与周冬雨勾勒出一种循环进化，对情绪强烈的自发认知吻上环绕周身的迭代更新，弹击灵魂的语汇压满唇齿。,力荐,19,30166972,少年的你
stscar,柴斯卡,2019-11-06 01:41:02,这么多往脸上怼大特写 俩主角演的确实不错 不知道剧本创作直到上映之中发生了什么 剧本有点奇怪 是要把校园欺凌这个结果 归因到高考压力？小城氛围？成年人的漠视？还是要展现一个傻逼世界里 两个陌路人相依为命的爱情？其实几个角度选一个深挖 电影会更上一个台阶,未评分,16,30166972,少年的你
190394414,www,2019-10-25 09:59:50,不负期待,力荐,34,30166972,少年的你
161704364,HarperYug,2019-10-25 12:26:26,整部电影就像是一把蓄力已久的铁锹，已经深深扎进土里，扎的很深，但是准备扬起时却显得那么的无力，最后也只得铲起一搓扬尘。没有看过原著，所以看完的感受也都是仅仅对于电影而言，说实话是比预期要好得多，但是也就是那么一点罢了。对于校园欺凌，虽然没有感同身受，但是在网上倒是看过许多真实的视频，而电影给人的感觉更多的还是苍白无力，没有完整的展示整个过程，而是断断续续的拼凑，直到结尾。不过倒是易烊千玺让人惊喜罢了，能看的出有进步~,还行,17,30166972,少年的你
68959430,噗效愚,2019-10-25 13:01:14,是这样的，千算万算没算到，易烊千玺请带着更多的作品到姐姐的片单里来，这种怼脸平行世界MV现实主义电影加黄觉加他的贵州口音给我出去。,还行,15,30166972,少年的你
178656744,美好如玺,2019-10-25 11:03:29,不错值得买票看,力荐,40,30166972,少年的你
Link0406,穿山,2019-10-26 14:21:12,Heartbreaking，近年最揪心的残酷青春物语，出影院看到这么好的阳光都觉得罪恶。“演员的脸是火药库”，周冬雨和四字贡献了中国版雪穗&亮司，《圣女贞德受难记》式的哭戏特写美学在此复活~蝴蝶不堪重负飞走，沉念历劫释压重生，未来亲手断送未来，北山靠山留得青山，正义追寻真相正义……角色都非常鲜活→危机四伏的世界惊心动魄，互相舔伤的羔羊与狼结成命运共同体。特别喜欢的两处是把同理心弱的女警设计成孕妇，引出孩子要生在何种世界的质问；以及高考出分后警官去找陈念，家门口背景的铁栏杆＋周冬雨的寸头和监狱情境共振。拼高考的情节占超大比重，很能勾起观众的PTSD啊！后半段的错序剪辑颇见功力，《七月与安生》的时候就见识过了，这部层层逼近真相的用法更贴切。一星扣在模仿东野圭吾痕迹太重，还隐约看到《告白》的情节。,推荐,14,30166972,少年的你
greenyguan,竹官碧,2019-10-29 00:36:46,阿千跟我猫一样，还没长大就想开始装凶。,推荐,11,30166972,少年的你
daladida,男娼起义,2019-10-25 21:34:23,四字弟弟这处女座表现，在男孩里，不止00后最佳，不止95后最佳，是90后最佳新人的表现啊！,力荐,9,30166972,少年的你
165848313,里昂,2019-10-28 16:06:17,真的把冬雨委屈了，那小样，好恶，完全是环境所至，所以诞生了小丑，那孩子那几句话，让人让人汗毛倒立，中国电影永远都是奴隶性，逆来顺受性，如果韩国电影，前一半是欺凌，后半段就是报复，那才爽，这里只有压迫，一个人不会为另一个人扛罪，坐几十年牢，我和你不会，但是他们还是少年,较差,5,30166972,少年的你
shangdixiaole,三千岁,2019-10-28 16:12:54,一部颇有格调的片子，着色、剪辑以及打光等视听语言不错，能够充分利用电影的镜头语言来表达，这是难能可贵的。开篇展示跳楼的戏，铺垫、连续的景别变化来呈现校园里的残酷事件。不知是撤档后修改还是什么，最终的呈现只是一个远景（陈念帮着盖衣服）。大量的近景以及特写，是能突出人物以及捕捉情绪变化，可是丧失了人物所处的社会环境，“事件”与环境的割裂，导致指向性不明显、隐射模糊，也就缺乏力度和现实意义。电影还是不想在校园霸凌事件上多做文章，施暴主体的动机完全缺失，也没有未成年人心理方面的铺垫或者暗示。以“霸凌”命题，却以“守护青春”收尾。女主无意报复，失手杀人，后半段急转进入对抗法律的严肃性课题，这一段有着商业上类型化的考量。这是一个有关疼痛青春的电影，你的一切都将成为档案袋里的注脚。最后的档案袋镜头不错。,还行,18,30166972,少年的你
19619577,Alias,2019-10-27 00:51:55,两个小孩联合起来对抗大人世界的狗屁，这事实在是太酷太浪漫了,推荐,11,30166972,少年的你
summerleft,二 天,2019-10-25 11:36:53,希望少年们都单纯、倔强、执着、善良。预告片没有欺诈太好了。冬雨和千玺太好了。（陈念大哭.gif （memo：废墟、审讯室、探视窗口和警车）,力荐,35,30166972,少年的你
193126754,是你爹,2019-10-28 14:37:56,很难过，演员演技都在线，剧情也好，看完才发现原著是融梗抄袭的🙁,较差,1,30166972,少年的你
sacwr,岬,2019-10-26 18:10:40,想成为被咬被推开都死死不对少年放手的大人，想成为在让人想用昏睡来逃避的丑陋现实里仍在固执战斗中的大人。想成为把这个故事从白夜行的结局中拯救出来了的大人，想成为懦弱渺小却在努力保护世界的大人。,力荐,12,30166972,少年的你
184698549,贪吃的喵,2019-10-25 11:21:26,"人在一生中会遇到很很多黑暗，但总会有一点温暖，照亮我们的人生。
愿所有人都能遇到这点温暖。
谢谢小北，谢谢陈念。",力荐,42,30166972,少年的你
46815070,文白,2019-10-25 12:24:25,高考与审判那里我的情绪断了，从此再也没有进去过，很可惜，想想可能是导演要的过多了。曾国祥是个有想法的导演，俩主演也很努力，虽然动不动就落泪这种做法也挺让人烦的，不过看在题材以及所表达的方向，还是愿意给个及格分的。,还行,13,30166972,少年的你
is4dog,is4dog,2019-10-26 23:06:53,可能期待太高，前53分钟非常平庸，台词中等偏差，尴尬得频频看表。真的直到53分钟，两个演员之间开始有张力了才好了。漏洞不说了，碍于审查的瑕疵不说了，整体也不敢拍压抑禁欲——性感张力的对比、也不敢说太多人性本恶，整体质量其实3分都难，就是演员好、约摸1小时左右的对手戏拍得极好。,还行,10,30166972,少年的你
163414101,CMJ,2019-10-28 14:58:38,社会议题纯属幌子（否则为什么真正死掉的那个受害者就直接成了背景铺垫，成了衬托女主悲惨的道具？），实质是文艺女青年编剧对男女关系的意淫。世界上最惨的受害者女主需要世界上最金子心最无私最死心塌地的混混爱她保护她为她付出一切，而且一定不能上她，一定要在确认过他的纯洁感情之后，才有可能考虑把身体拿出来当奖品一样给他用一用。真的什么傻逼价值观和低级人设。  再有，警察这么情绪化意气用事完全没有一点办案程序意识，还偷来美国那套受害者隔着玻璃指认嫌疑人的完全不在中国办案流程中的桥段，并且不停地自媒体文案式的说教煽情，这都是些什么牵强附会的东西？,较差,5,30166972,少年的你
67627904,墨心,2019-10-29 13:06:50,东野圭吾牛逼！,较差,12,30166972,少年的你
p2165,二月鸟语,2019-10-25 12:25:13,7.5/10，易烊千玺和周冬雨的状态真的好！片子就像一支残酷利剑的刺向社会的痛点，整部影片弥漫着很强烈的痛感，曾国祥通过前面的铺垫让观众完全沉浸在角色所遭遇的困境里去感同身受。佩服曾国祥的功底和天分，不管是对表演的指导还是场面调度以及对摄影、剪辑、配乐的掌控，都比《七月与安生》更优秀。校园霸凌的选题让本片有了天然的题材优势，这一代人里或多或少都有校园霸凌的施暴者和受害者。给我印象最深刻的莫过于导演的取景地，重庆地理空间的优势给本片的上增加了令人惊喜的魔幻现实感，本片也是迄今为止少有的把重庆拍的这么有质感的电影。《少年的你》是令人触动的，残酷青春的背后是每个少年的热血和逃避，真相往往都是有力量的，愿每个走过夜路的孩子都能奔向朝阳。,推荐,14,30166972,少年的你
5735843,好像没这个人,2019-10-28 13:47:29,一星给硬不硬……浪费两小时……又被各种吸流量的影评套路了……人与人之间的真诚哪里去了……,很差,15,30166972,少年的你
cryingcatjojo,库索,2019-10-27 20:37:53,适合21岁以下观看。,还行,13,30166972,少年的你
126741958,蒋先森,2019-11-18 07:59:20,东野圭吾即视感,较差,1,30166972,少年的你
saintdump,saintdump,2019-10-25 23:17:04,非常专注地将特写作为奇观的场景，这个奇观是演员的脸，他们的表情蕴含的愤怒、委屈与压抑，通过每一道眉毛、每一弯嘴角释放出来，其实高三就很有聚焦的感觉，焦外的一切都是虚化的，in which希望和负担同义，所以和欺凌连同（高考不就是最大的霸），校园近乎修罗场，那种圆珠笔芯味的冷漠，那种teenager稚气的执拗与兽性，太对了。审讯戏头顶光直给的对峙，单练眼神，真冒险，也真有效。电影挺老套的，出门框中构图，感情升温快剪之类，配乐俗烂，几乎把我的眼泪憋回去。但这个题材的野心超出了它套用的类型，简直有点风雨云式的“大哉问”。14年前曾国祥在彭浩翔的片中导了一场青春闹剧，“世界正准备原谅你的幼稚”，当我们把目光投向电影的结尾，怎样的世界才能原谅，如果连真实都无法善终。,推荐,10,30166972,少年的你
gotothefield,fushia,2019-10-27 21:59:57,为什么周冬雨无论和谁搭戏都如此有cp感，简直是精灵女演员,未评分,12,30166972,少年的你
hankerchief,胖达叔,2019-11-02 17:59:49,校园欺凌是一个很好的切入点，但是这个点周围围绕了一系列的社会问题，大量使用特写，考验演技，破囚徒困境的时候简直泪点满满，但可惜的是那个就应该是这种古典式戏剧冲突的结束，光明的尾巴估计为了过审，老警察那句把两个人拖下来简直是反讽。总结起来是那句台词：你和我不会，但他是少年。也许正是因为是少年的无知才能破囚徒困境，因为那种信任丝毫不符合逻辑。由此来看，你成熟了在这部电影里简直是一种令人厌恶的状态。,力荐,21,30166972,少年的你
Rynill5,冰山的阴影,2019-10-26 17:29:59,比《我不是药神》在现实层面上更进一步地触及到了现有法律和道德约束都难以伸张的灰色地带，原来仓促定档上映只是因为电影局要完成年内总票房冲击600亿的任务……对照《七月与安生》，大可总结出交替视角下局部真相的欺骗性叙事是曾国祥「作者性」最典型的体现了。如果不是2011年就在读高三的自己知道当时的学生能用得起的最好手机只有iPhone4，看周冬雨和易烊千玺演成这样，我差一点就信了。但很明显，一个能抓住大陆学生考后凭成绩高低调座位这个动人细节的香港导演不会在手机这样的关键道具上犯低级错误，观察剪辑也大可发现当案件卷宗淹没在如山的档案馆中的那个画面才应该是原本的终镜。另外真的感受不到高考逐步迫近的压力啊……戴帽子护送放学这么小心，大剌剌骑摩托上高架兜风就不小心了？,推荐,9,30166972,少年的你
qiubutong,小核桃仁,2019-10-25 19:11:15,两颗星给演员，但拍的真的不行，这剧本无力吐槽......,较差,19,30166972,少年的你
ayida365,阿依达,2019-11-11 15:51:09,名副其实的青春片，只有少年才能不管不顾地为别人献出一生。电影令我记忆最深的是少年们的眼泪——两个最底层的被霸凌的生命，为对方的痛而感到悲伤。而大人们都是骗人的，什么考上大学人生就变美好了，什么变成大人就像跳水一样，大家像是面前被拴着萝卜的驴子，为了一根根得不到的萝卜被赶着奋力跑，可终归也还是被人鞭打的一头驴子而已。而人生的坑好多啊，有的人天生是少数族裔，有的人生在人渣父母家庭，有的人青春期被亲戚邻居老师性侵，有的人被校园霸凌。而居然躲过了这些的人，真的该感激自己的幸运，并且对其他不那么幸运的人，闭上judgmental的嘴巴。,推荐,10,30166972,少年的你
83484959,昼夜售蓝,2019-10-27 12:36:08,最喜欢的一段对话：“没有人会为了另一个人，顶下强奸杀人的罪名。”“可他们还是少年。”他们拥有纯度更高的爱。,推荐,17,30166972,少年的你
1677294,胡桃叶子,2019-10-29 02:25:17,从情节到台词，哪哪儿都似曾相识的感觉算怎么回事？！,很差,15,30166972,少年的你
derhappy,周右右,2019-10-25 11:21:11,等了十个月焦虑了四个月，突然撤档的愤怒，突然定档的惊喜，不负所望，这样的题材就要多拍啊，电影救国，不是玩笑。,力荐,39,30166972,少年的你
zhaohaozi,赵耗子,2019-10-25 11:24:01,这是一部值得看更是值得思考的影片，每个人都经历过成长，成长或许有痛，可是也有美好和希望，心一直被揪着，直到最后，看到两个人的笑，是了，你保护世界，我保护你，相信“相信”本身，谢谢陈念，谢谢小北❤️❤️❤️❤️,力荐,36,30166972,少年的你
173794211,颦儿,2019-10-28 17:21:07,不就是把《白夜行》《嫌疑人X的献身》和《恶意》融合起来嘛，只想说一句东野圭吾nb,很差,1,30166972,少年的你
147608251,梁州,2019-10-26 00:59:37,在看电影以前羊一直和我说，过去的已经过去了，不用再难过。看电影的时候我一直想说，不是每一个陈念的青春里都有小北。很多时候伤痛只会被掩盖，更绝望的是那种伤痛无人知晓，因为它只是让你更快的变成另一种人，你曾经最厌恶但也最想成为的人。,力荐,11,30166972,少年的你
189845082,Z❤9979,2019-10-25 11:51:00,看完首映的我，接下来还想再刷几次。不是每一个陈念都能遇到一个默默保护她  爱着她的小北，即使生活在底层，但他也有想要保护的人，有着渺小的希望，有着想要改变自己和喜欢的女孩命运的目标。四字弟弟跟小黄鸭对视的那场戏真的让我起鸡皮疙瘩，直接把人带入他们的世界，演技真实很棒。剧情清晰  人物性格不脱轨  剧组的所有场景真的有心了。感谢朋友带我看，本来还怕会跟学生时代时看的小说有出入，结果被男女主演技圈粉，小黄鸭熟练的演技，饰演高中生陈念也毫不违和，更让我意外的是四字弟弟的演技，落泪 对视 无声的眼神回应警察时的问话，每一幕都被演活了，或许他就是小北，小北就是四字弟弟…,力荐,58,30166972,少年的你
182423882,伊布啊齐,2019-12-15 01:46:14,不错,推荐,0,30166972,少年的你
crankysophia,HappyLanding,2019-11-04 12:30:19,不打分了。我知道它戳了很多人的点，但它给我的观感就是一质量还可以但浑身挂满标签的校园偶像剧。虽然两人演技在线，影片质量也在平均水准之上，但它就像是高分作文or完美阅读理解答案，从设定到主旨都是压着得分点做出解答（复读学校、单亲家庭、老赖母亲、混混与好学生、霸凌、典型的中国式家庭教育、高考）等等。后来反复放大高考场景让人生厌，因为你清楚它想强行唤起观众共鸣，方法非常不高明。另外，台词也太出戏了，正常人不会那么说话的。所以我说，是情感投注有限的高分作文。*我和nicky都猜结尾的监控里其实是没人的（。,未评分,15,30166972,少年的你
78164697,字母君,2019-10-25 12:47:30,正义睡着了，未来被消灭了，蝼蚁在监控的罗网下无所遁形，幼稚的反抗在大人的计谋面前化为灰烬，格局堪比《天国与地狱》。结尾的“希望”反而让一切更加绝望，幸好曾国祥还给了他的角色足以直视摄像头的勇气。,推荐,23,30166972,少年的你
185582624,豆友185582624,2019-10-27 11:55:44,又是一部比惨的青春片,很差,5,30166972,少年的你
miumiu-li,无耻不混蛋,2019-10-25 15:27:44,"硬不硬！硬！毫无疑问，近年来拍的最好的青春片，没有之一。这也是我们能从国产青春片上，第一次感受到令人扼腕的“痛感”。这部才能称得上是真正意义上聚焦青少年成长的现实主义力作，从导演到主演，可以看出所有主创人员在处理这个题材上的无比用心，影片每一处都透着真诚。“你保护世界，我保护你。”年度最佳cp必须颁给周冬雨与易烊千玺，干净又凛冽，不仅默契十足，且化学感爆棚。
",推荐,27,30166972,少年的你
121073770,sunnyqing,2019-10-25 11:31:32,必须打5分！哭完大半场！心疼两个小朋友，但是再难再苦的生活，也会有希望！不要放弃！,力荐,63,30166972,少年的你
143849549,水星是蜉蝣,2019-10-25 19:48:08,"看完了，删掉之前所有话，深深地被震撼。
 每个人都可能会被校园霸凌，少年，做事不看后果，别人做什么，自己就得做什么，不然会被排斥，会被欺负。
一个好学生
一个小混混
他们一边如履薄冰，一边寻求希望，陈念找到了她的希望，北京，小北也找到了他的希望，是陈念。
他们都小心又重重的守护着希望微小的火苗。
他们脚底下都是泥沼，抬头却是满眼阳光。
我最最深刻的就是影片的最后，陈念和小北隔着玻璃对视，易烊千玺和周冬雨演的都好绝，他们眼里都充满着爱，真正的爱，闭着嘴也会从眼睛流出来。
这是我看过最好的青春片，细腻温柔，真实又有质感。
最后，
“我们生活在阴沟里，但依然有人仰望星空。”
",力荐,61,30166972,少年的你
182206933,杨岳岳岳岳,2019-10-25 11:11:44,真的好棒，两个主角之间的化学反应也很棒,力荐,69,30166972,少年的你
203814984,12580,2019-10-25 10:03:24,"总有一个人是少年的你
阳光下
雨露中
总会有人默默守护你",力荐,61,30166972,少年的你
yystilllife,sTill-Life,2019-10-25 14:10:03,影片在校园欺凌这一社会题材上找到一些感觉，但明显没有打算讲得更深入。私以为90%以上的校园欺凌事件其根源都是原生家庭问题，脱离开施害者角度的讨论都是缺乏说服力的。创作者把更多关注点放在两位少年的成长和情感上，影像表达细腻、动人，情绪一层层堆叠，把人推向一种深层的绝望和挣扎。千玺的表演很让人惊喜，尤其监狱那场对视的戏。周冬雨很稳，她也学会用后背演戏了！整体很不错，就剧本方面稍有欠缺。,推荐,22,30166972,少年的你
pirealwei,柯里昂,2019-10-25 23:55:05,唉。,推荐,20,30166972,少年的你
seabisuit,seabisuit,2019-10-26 00:17:26,谁都不想做嗜睡的正义。不提其他的删改，应该也包括把故事用字幕交待是发生在2011年的重庆。相差八岁成熟稚嫩相抵并融合反应的小周小易表演是出乎意料的好，可惜了没有匹配的奖项或提名来表彰，不喜欢《七月与安生》的我在后半段审讯的开始也被折服，有太多可玩味并触及人性家庭教育社会的戏眼与镜头。前半段还不解为何女反派如此用力过猛，原来她叫未来，而且还藏着更大的boss就在身后注视着少年成年的你们，帮着掩埋判决粉饰，岂止是在校园的霸凌。,推荐,18,30166972,少年的你
157091191,反鹅选联盟,2019-10-25 10:27:57,勉强还可以...,还行,21,30166972,少年的你
191581806,变幻莫测,2019-10-25 10:03:23,看完了，呜呜呜，演技在线，既有成长的思考，也有人性的思考，还有朦胧甜蜜的少年感情，好看！！,力荐,66,30166972,少年的你
93124222,寒枝雀静,2019-10-26 02:05:06,A / 一部欠缺克制距离因而显得不够冷静的社会题材作品能成立吗？影片的答案是：当目光挪向那些貌似再熟悉不过的青春场景的边缘时，当那些本不被注意的“你的脸”在各种幽冥般烂漫的光影切片中联结，当情节剧的扁平时空被重组并散逸为钝重的节拍……这一切假意的放纵难道不正是它所批判的狂热面前所能达到的最大的超离与冷静？后1/3压抑的丰沛不正是一首刺入前2/3乖张的虚假中的毫不妥协的诗吗？而被放逐到世界尽头高歌的诗又何惧共情、何惧目光呢？/ 四刷：“表演”是无限传递漂浮的过程，它是看似无因的矫作“暴力”，是摄像头的“复制”，是自我催眠的“鼓舞”，更是假扮正义的“审讯”。因而当内核极“真”的“表演”/反“表演”出现时，这个体系抵达了崩溃的临界点。结尾的面容神交用最素朴的剪辑达到了不存在但又最透明的“真”。,力荐,14,30166972,少年的你
182126157,Ok绷,2019-10-25 10:08:14,少年很美好，简简单单，一切值得期待。,力荐,81,30166972,少年的你
200970895,谁也爱吃鳗鱼饭,2019-10-25 11:30:07,三刷过了依旧后劲很足，看到了很多之前没看到的细节，导演很有心，演员演技也都在线，恶意黑的我看基本都是连电影都没看的，呵呵,力荐,58,30166972,少年的你
148726673,胖傻叉,2019-10-25 11:26:07,主创制作组们真的都太棒了，千玺冬雨真的演技都在线，希望这个世界可以更温柔更美好一点。,力荐,60,30166972,少年的你
175948056,quynhnguyenthu8,2019-10-25 10:19:26,Happy,力荐,62,30166972,少年的你
