病毒,3401
谣言,1849
消息,1693
疫情,1508
肺炎,1444
冠状,1442
冠状病毒,1415
感染,1305
新型,1298
相关,1280
辟谣,1201
新型冠状病毒,1200
口罩,1077
医院,993
武汉,923
来源,890
权威,864
解读,832
传播,830
鉴定,809
人员,804
定结,792
链接,773
消毒,764
信息,743
冠,729
防控,722
会,708
患者,697
发布,696
微,691
称,657
中国,645
工作,614
确诊,605
隔离,585
信,557
病例,532
近日,495
视频,482
网上,467
新闻,465
情况,457
时间,448
时,445
湖北,441
北京,435
流传,433
发现,425
新冠病毒,403
病毒感染,398
研究,397
接触,384
呼吸,361
官方,346
治疗,343
检测,341
请,339
预防,328
网络,326
年,324
真相,323
上海,323
群,317
卫生,314
人民,314
公安,310
记者,305
政府,305
防护,305
通知,303
核实,298
发生,295
国家,290
例,287
医疗,285
说,285
病人,282
市民,280
部门,280
市场,279
科学,276
截图,276
中心,276
谣,269
症状,268
酒精,267
临床,266
朋友,266
物资,261
传谣,255
传染,253
网友,249
空气,248
诊病,242
作用,239
系,238
健康,237
天,236
措施,236
均,233
美国,233
不实,232
管理,221
报道,220
武汉市,220
免疫,218
上流,216
网民,215
博,215
戴,215
不信,213
核酸,211
医生,210
第一,209
期间,208
药物,206
查证,205
南山,205
疾病,204
开学,204
专家,203
钟南山,202
大学,201
呼吸道,199
日报,196
更,195
社区,192
公司,191
10,191
平台,191
属实,190
委,189
关注,188
市,188
内容,187
小区,187
疑似,187
朋友圈,186
媒体,185
车辆,184
观察,183
造谣,183
导致,180
教育,180
交通,178
防疫,178
公共,178
发热,177
影响,177
卫,176
健,176
院士,175
做好,174
警方,174
医学,173
对此,172
调查,171
效果,170
有人,170
很多,169
人体,169
引发,168
24,168
一种,168
14,167
飞沫,167
里,167
组织,166
州市,165
传言,165
男子,164
假,164
洗手,164
细胞,164
日本,164
指挥,163
动物,163
号,162
企业,162
做,161
显示,161
李,161
张,160
吃,160
全国,159
数据,156
回应,156
风险,154
指挥部,153
京市,153
名,152
系统,151
网警,149
体温,147
20,147
建议,146
高,144
点,144
30,144
广州,142
通报,140
染病,140
浓度,140
SARS,139
提醒,139
文,139
2020,138
疫苗,138
图片,137
超市,137
死亡,136
公交,136
一名,135
北京市,135
未,134
韦,134
公安局,133
检查,133
作人,132
环境,132
公众,132
文章,132
工作人员,131
保障,131
医用,131
深圳,130
毒剂,130
生活,129
疾控中心,129
消毒剂,128
标准,128
一步,127
蔬菜,127
流感,127
生产,126
转发,126
用于,126
社会,125
国人,124
重症,123
依法,123
气溶胶,123
溶胶,123
宁波,121
事实,120
区,119
公布,119
说法,119
湖北省,119
15,119
安排,118
负责,116
新增,116
主任,116
办公,115
岁,115
实验,114
地区,113
12,113
下午,112
进一步,112
紧急,112
佩戴,112
联合,112
方案,112
居民,112
封,111
地方,110
王,109
接受,109
恐慌,109
关键,108
过程,108
27,108
一条,108
蛋白,108
方式,107
医疗队,107
并未,106
省,105
25,105
人群,105
高速,105
虚假,104
生物,104
咳嗽,104
证据,104
方法,102
青岛,101
长沙,101
联网,101
一张,100
试验,100
身体,99
渠道,99
互联,99
互联网,99
城区,99
外线,99
前,98
机关,98
证实,98
小时,98
包括,98
指出,97
11,97
声明,97
城,96
增加,96
医护,96
实权,96
恢复,95
综合,95
员工,95
持续,95
流行,95
单位,94
17,94
不少,94
细菌,94
诊断,94
途径,93
学校,93
拘留,93
海市,93
16,92
控制,92
在家,92
全市,92
实施,91
捐赠,91
禁止,91
感染者,91
抗击,90
违法,90
韩国,89
机构,89
成都,89
上海市,89
分,88
证明,88
事件,88
中医,88
杭州,88
外地,87
低,86
护人,86
特别,86
公安机关,86
服务,86
城市,86
野生,86
办公室,85
公室,85
重点,85
中央,85
通行,85
场所,85
一律,85
集团,84
提供,84
介绍,84
过滤,84
二,84
喷洒,84
论文,84
出院,84
教授,83
一段,83
大网,83
浙江,83
治愈,83
希望,83
民医院,83
抑制,83
污染,83
氧化,83
26,82
旅客,82
处罚,82
一家,82
一线,81
群众,81
杀死,81
诊疗,81
黄,81
副,80
家人,80
外出,80
距离,80
复工,79
23,79
网站,79
出门,79
类似,79
密切接触,79
三,78
需,78
传染病,78
含,78
通风,78
医护人员,78
购买,78
执法,78
巡查,78
瑞德,78
德西,78
疫,77
近期,77
公告,77
病原,77
销售,77
野生动物,77
生动,77
活动,77
南京,77
负责人,76
责人,76
领导,76
时期,76
行政,76
接到,76
居家,76
大市,76
应急,76
肺部,75
阴性,75
街道,75
13,75
能力,75
封闭,75
22,75
存活,75
条件,74
编造,74
发表,74
发病,74
CT,74
发布会,73
团队,73
抗体,73
统一,73
香港,73
海关,73
国际,73
保护,73
消毒液,73
毒液,73
供应,72
应对,72
医务,72
阳性,72
京报,72
减少,72
分局,71
外,71
经查,71
广东,71
产品,71
发烧,71
超过,71
河南,70
秩序,70
应,70
出行,70
实行,70
学时,70
非,70
蒙古,70
原体,70
机场,69
公开,68
28,68
学院,68
作者,68
运输,68
四川,68
温州,68
阅读,68
活,68
正,68
21,67
经济,67
抗,67
官,67
现场,67
散布,67
精神,67
华人,67
言论,67
公路,67
最新,67
氯,67
没,67
19,66
开,66
确实,66
共,66
不到,66
功能,66
上传,66
杀灭,66
温度,66
N95,66
地铁,66
感冒,66
29,65
人数,65
救治,65
分钟,65
蝙蝠,65
支持,64
强,64
航班,64
乘客,64
都市,64
75,64
手,64
携带,64
原因,64
空调,64
会上,63
区域,63
病情,63
快递,63
央视,63
技术,63
收到,63
进,63
图,63
药,63
两个,63
肺,63
女子,63
郑州,62
刘,62
科技,62
门诊,62
国务,62
国务院,62
派出,62
民警,62
全,62
抗病,62
再次,61
聚集,61
世界,61
表现,61
临床试验,61
医务人员,61
提到,61
报告,60
政策,60
排除,60
为准,60
18,60
成分,60
市政,60
潜伏,60
抗病毒,60
扩散,59
观,59
疑似病例,59
车,59
市委,59
举报,59
紫外,59
变化,59
市政府,59
病原体,59
免疫系统,59
热,58
发展,58
小组,58
日前,58
食用,58
仅,58
上有,58
重庆,58
水,58
药店,58
体内,58
假消息,57
予以,57
教育局,57
来看,57
目的,57
监管,57
紫外线,57
家中,57
公共卫生,57
收费,57
延伸,57
此前,56
阶段,56
行政拘留,56
各类,56
学生,56
真的,56
网联,56
有限,56
支援,56
多个,56
机制,56
几个,56
不存,56
潜伏期,56
红外,56
研发,56
31,56
分析,55
责任,55
就诊,55
法,55
颗粒,55
表面,55
停止,55
免疫力,55
环球,55
清洁,55
家,55
二氧,55
二氧化,55
尚未,54
解除,54
照片,54
口,54
统计,54
史,54
室内,54
镇,54
身份,54
宣传,53
湖南,53
通告,53
关系,53
家庭,53
离开,53
确认,53
不良,53
司机,53
许,53
万,53
实际上,53
流行病,53
勤洗手,53
客户,53
丰,53
可能性,53
国内,53
博士,53
太,52
配合,52
拍摄,52
元,52
临时,52
生命,52
指,52
局,52
人士,52
经营,52
神山,52
新闻网,52
内蒙,52
内蒙古,52
延长,52
返回,52
西安,52
成,52
店,52
时报,52
上午,51
管控,51
降低,51
采访,51
社交,51
担心,51
一位,51
籍,51
爆发,51
利用,51
回家,51
配,51
电话,51
监测,51
学家,51
急诊,50
法律,50
乘坐,50
实验室,50
测温,50
专业,50
落实,50
疯,50
材料,50
排查,50
结论,50
纯属,50
家里,50
定点,50
景区,50
村,50
2019,50
基因,50
林,50
切勿,50
吸烟,50
福州,50
交警,50
之间,49
提示,49
部署,49
84,49
核查,49
面积,49
关闭,49
管制,49
前往,49
病学,49
眼睛,49
红,49
刺激,49
今日,49
工程,49
抵抗,49
东京,49
奥运,49
领导小组,48
发,48
公交车,48
营业,48
保证,48
客户端,48
带,48
附属,48
防病,48
防病毒,48
轻,47
一次性,47
处于,47
办法,47
形势,47
家长,47
四,47
亮,47
居住,47
医师,47
世卫,47
自来,47
沪,47
指南,47
物体,47
层,47
老人,47
搜索,46
出,46
测试,46
县,46
故意,46
无关,46
一时间,46
不用,46
不准,46
自然,46
定要,46
炎症,46
派出所,46
调整,45
现有,45
留,45
文件,45
提高,45
国,45
已对,45
暂停,45
实是,45
稳定,45
合肥,45
活性,45
医学观察,45
卫生部,45
皮肤,45
起到,45
外科,45
食品,45
氯喹,45
是因为,44
名为,44
中科,44
酒店,44
路,44
尽量,44
韩,44
不必,44
长,44
飞机,44
控,44
民政,44
江苏,44
会议,44
70,44
发出,44
自来水,44
变异,44
找到,44
杀,44
手机,44
计划,44
防治,43
辖区,43
生在,43
现象,43
运行,43
原,43
粉碎,43
山东,43
市场监管,43
扰乱,43
联防,43
联控,43
死,43
我国,43
紧急通知,43
月底,43
收治,43
很快,43
水果,43
科学家,43
酵素,43
100,42
下降,42
解释,42
确保,42
自行,42
静电,42
五,42
委会,42
回来,42
简单,42
一部,42
第三,42
公园,42
少,42
流行病学,42
症,42
复制,42
专家组,42
红外线,42
研究员,42
文中,42
站,42
红星,42
丁香,41
需求,41
热门,41
大多,41
中华,41
查处,41
微生,41
哈尔,41
评估,41
采用,41
作出,41
防护服,41
高度,41
环保,41
制造,41
意味,41
意味着,41
响应,41
游客,41
世界卫生,41
世界卫生组织,41
卫生组织,41
粪便,41
仙桃,41
春节,41
海鲜,41
红十字,41
十字,41
粮食,41
奥运会,41
求证,40
对外,40
病患,40
科主任,40
驾驶,40
道路,40
产,40
宣称,40
现,40
推迟,40
心,40
大面,40
大面积,40
火神,40
此类,40
病房,40
准确,40
释放,40
开放,40
市报,40
两天,40
米,40
抗菌,40
衣服,40
长期,40
天津,40
记,40
56,39
入境,39
试剂,39
即可,39
用品,39
中发,39
微生物,39
凌晨,39
通道,39
派,39
关门,39
第五,39
依然,39
消,39
波,39
测量,39
日常,39
分子,39
正式,39
推荐,39
高温,39
红十字会,39
全球,39
运营,39
错误,39
事实上,38
境外,38
病,38
规范,38
不适,38
救护,38
出入,38
晚报,38
湖,38
代表,38
接收,38
喝,38
使馆,38
监督,38
正确,38
分离,38
约,38
医科,38
体育,38
级别,38
只能,38
讨论,38
住院,38
毒性,38
高速公路,38
稀释,38
人民日报,38
分类,37
初步,37
当天,37
手段,37
买,37
批准,37
放在,37
教育厅,37
此事,37
设计,37
进出,37
胡,37
近,37
这条,37
年龄,37
违法行为,37
疫区,37
有限公司,37
物质,37
药品,37
危重,37
样本,37
取消,37
毒药,37
济南,37
证者,37
复,36
视,36
暂时,36
垃圾,36
六,36
科研,36
性,36
北京日报,36
未经,36
深圳市,36
管理局,36
委员,36
喷,36
交叉,36
不了,36
吸入,36
食物,36
人类,36
成功,36
危险,36
电视,36
传染性,36
都市报,36
匹,36
清洗,36
捉,36
二氧化硫,36
氧化硫,36
化硫,36
告诉,35
一点,35
选择,35
数量,35
处置,35
物品,35
设备,35
就医,35
救护车,35
护车,35
男,35
事情,35
防,35
护士,35
配送,35
警,35
报警,35
执行,35
文字,35
城管,35
八,35
女,35
广东省,35
南方,35
序列,35
重复,35
因素,35
听信,35
两,35
球蛋白,35
院长,34
突发,34
抵达,34
试剂盒,34
判断,34
120,34
外卖,34
标题,34
从未,34
提前,34
教学,34
小学,34
制作,34
化学,34
处,34
段时间,34
澄清,34
旅游,34
快速,34
版本,34
开发,34
带来,34
RNA,34
身份证,34
无症状,34
西城,34
每日,34
解放,34
服用,34
疗效,34
案件,34
兰,34
消防,34
越,34
名单,33
类,33
发放,33
过度,33
通运,33
循环,33
一例,33
新华,33
制定,33
符合,33
后发,33
重视,33
中心医院,33
1000,33
大部,33
大部分,33
荆州,33
商务,33
试行,33
小道,33
免费,33
暴露,33
鼻子,33
至少,33
采购,33
鼻,33
更多,33
真实,33
达,33
车上,33
近距,33
近距离,33
衣物,33
公共场所,33
传染源,33
尚无,33
昆明,33
概率,33
特免,33
组办,32
50,32
性疾病,32
致病,32
记录,32
全力,32
结束,32
嫌疑,32
维护,32
返,32
谣传,32
沙市,32
状态,32
参与,32
传播者,32
门店,32
车站,32
传信,32
设置,32
上市,32
时刻,32
科,32
钱,32
保健,32
小道消息,32
预,32
在线,32
环球网,32
球网,32
提出,32
程度,32
位于,32
面对,32
喷嚏,32
自我,32
驻,32
质量,32
烟花,32
结构,32
院,32
病毒传播,32
中药,32
起火,32
主任医师,32
南海,32
通行证,32
成员,32
血液,32
同行,32
输入,31
操作,31
受,31
医疗机构,31
回复,31
哈尔滨,31
远,31
交通运输,31
长沙市,31
量体温,31
媒体报道,31
去世,31
警察,31
公共秩序,31
队员,31
杀菌,31
强制,31
刚,31
传闻,31
委员会,31
投放,31
楼,31
拉,31
前为,31
肉,31
先,31
财政,31
不知,30
全省,30
有序,30
有用,30
启动,30
轻信,30
关键时期,30
嫌疑人,30
黑龙江,30
龙江,30
战,30
批,30
长江,30
七,30
交易,30
人工,30
勿,30
加油,30
定,30
回,30
停运,30
区政,30
区政府,30
敏感,30
累计,30
医药,30
送,30
中科院,30
东西,30
协会,30
以防,30
影像,30
明天,30
槟榔,30
洗,30
回国,30
画面,30
菲律宾,30
孕妇,30
无人,30
艾滋,30
泰国,30
正规,29
急诊科,29
基础,29
青岛市,29
职工,29
给予,29
放心,29
千万,29
发言,29
保洁,29
登记,29
体健,29
纳入,29
主动,29
2018,29
罚款,29
好转,29
安徽,29
路口,29
中午,29
第四,29
灭,29
人民政府,29
外界,29
朱,29
人民网,29
异常,29
目前为止,29
志愿,29
2019nCoV,29
杨,29
改变,29
宿主,29
生,29
医科大,29
医科大学,29
科大,29
中国工程院,29
工程院,29
率,29
状况,29
沈阳,29
慈善,29
华南,29
科学院,29
面上,29
安全性,29
征用,29
吹风,29
红灯,29
抗生,29
抗生素,29
邓,29
剂量,29
端相,29
吉利,29
利德,29
市区,28
河南省,28
C,28
涉及,28
位数,28
杂志,28
医学院,28
紧张,28
声称,28
加大,28
送至,28
很大,28
中小学,28
据悉,28
吸附,28
支队,28
桥,28
情,28
入,28
浙江省,28
关键时刻,28
发文,28
协和,28
宾馆,28
想,28
资料,28
定点医院,28
空间,28
北京西,28
京西,28
志愿者,28
愿者,28
一篇,28
无需,28
特定,28
项目,28
生事,28
预测,28
盐水,28
燕,28
研究所,28
占,28
含有,28
片,28
较大,28
氯气,28
第五版,28
五版,28
早期,28
大蒜,28
部位,28
雪,28
印发,27
同济,27
连续,27
期,27
汉医,27
例数,27
人确,27
员,27
商,27
具备,27
防范,27
转运,27
教育部,27
共和,27
共和国,27
治安,27
包装,27
阻断,27
延迟,27
申请,27
与此,27
学习,27
医保,27
缺乏,27
难,27
河北,27
指导,27
交叉感染,27
山区,27
充足,27
会通,27
印度,27
当事,27
进化,27
告知,27
气体,27
纤维,27
一部分,27
新闻记者,27
售卖,27
费用,27
侨,27
宁波市,27
猪肉,27
秒,27
菜市,27
菜市场,27
娟,27
PHEIC,27
重复使用,27
消化,27
热水,27
家属,27
内部,27
出租,27
省份,26
郑州市,26
一份,26
缓解,26
阳,26
筛查,26
专用,26
外来,26
身体健康,26
中华人民,26
中华人民共和国,26
人民共和国,26
黑龙江省,26
疾,26
万只,26
名医,26
黄冈,26
制品,26
进口,26
检验,26
交通管制,26
办,26
门口,26
公安分局,26
安分,26
徐,26
中医院,26
不明,26
情形,26
线,26
毕业,26
严峻,26
接种,26
抗原,26
两种,26
省市,26
密闭,26
长时间,26
合成,26
60,26
WHO,26
常用,26
氯酸,26
用水,26
我市,26
民众,26
重组,26
消费,26
瘟疫,26
特异,26
高级,26
卫生事件,26
几率,26
流感病毒,26
推,26
商务局,26
鼓楼,26
风机,26
实为,26
来到,26
要用,26
村民,26
分泌,26
果蔬,26
火灾,26
纸巾,26
不良反应,26
常见,26
超级,26
阴谋,26
外省,25
呼吁,25
不符,25
次,25
两次,25
望京,25
区内,25
当日,25
下发,25
安部,25
一批,25
县公安局,25
北医,25
非典,25
运送,25
工业,25
预约,25
国医,25
贴,25
是非,25
测量体温,25
外地人,25
密集,25
送到,25
张家,25
组长,25
枪,25
体表,25
工人,25
一周,25
危重症,25
足够,25
株洲,25
孝感,25
柳州,25
三个,25
广泛传播,25
学博,25
流通,25
拒绝,25
乳,25
生物学,25
身上,25
龙华,25
雾化,25
CDC,25
法相,25
萧山,25
县市,24
省政府,24
重,24
感谢,24
攻击,24
北京大学,24
老年,24
早,24
克,24
管理处,24
APP,24
成都市,24
获悉,24
旅行,24
流动,24
到达,24
涉,24
牵动,24
还原,24
子,24
雷,24
菜,24
方,24
量,24
精神病,24
方舱,24
支付,24
用户,24
青年,24
年报,24
价格,24
孩子,24
福建,24
跑,24
报称,24
洗手液,24
次氯酸,24
一方,24
器官,24
无效,24
康复,24
西城区,24
去过,24
信号,24
阻挡,24
报,24
浩特,24
华,24
住,24
协和医院,24
患,24
病区,24
磷酸,24
用药,24
影像学,24
大使,24
收费站,24
测出,24
整理,24
源,24
携带者,24
抗力,24
假期,24
一段时间,24
随州,24
开车,24
度,24
染上,24
封路,24
基金,24
辞职,24
哈佛,24
阴谋论,24
粉碎机,24
分为,23
江西,23
查询,23
痰,23
预计,23
努力,23
损伤,23
进展,23
交集,23
开窗,23
能用,23
部发,23
发言人,23
在外,23
绝大,23
场,23
飞,23
火车,23
公共交通,23
公安部,23
放行,23
会同,23
蔓延,23
阻隔,23
萝卜,23
活物,23
行李,23
获取,23
情信,23
知识,23
行,23
二人,23
玲,23
总体,23
作业,23
留在,23
新生,23
卡,23
协调,23
未出,23
性感,23
打喷嚏,23
肥皂,23
发网,23
当事人,23
九,23
该病,23
破坏,23
北人,23
急性,23
共有,23
电视台,23
感,23
便,23
肯定,23
聊天,23
行业,23
典型,23
孝感市,23
自制,23
姚,23
最终,23
婴儿,23
刚刚,23
洁,23
拨打,23
改,23
入住,23
喝酒,23
抵抗力,23
异性,23
红绿,23
红绿灯,23
绿灯,23
务工,23
环球时报,23
中央空调,23
蛋白质,23
白质,23
短,23
热水澡,23
法国,23
尽快,22
做法,22
可信,22
多方,22
提及,22
武汉大学,22
截止,22
昨天,22
接,22
自觉,22
规模,22
大桥,22
力量,22
护目,22
护目镜,22
目镜,22
省内,22
线路,22
护理,22
乙醇,22
放,22
纷纷,22
学位,22
滞留,22
冯,22
送医,22
梁,22
院区,22
水洗,22
200,22
带有,22
上班,22
到底,22
位,22
体育馆,22
客运,22
几天,22
危害,22
步调,22
液体,22
原理,22
提取,22
水产,22
该文,22
天都,22
中国科学院,22
不具,22
潜在,22
中日,22
3000,22
爆炸,22
未接,22
义乌,22
丙烯,22
燃烧,22
澎湃,22
特效,22
感人,22
黄连,22
女儿,22
石,22
效率,22
解剖,21
病理,21
整体,21
领取,21
大众,21
峰,21
注册,21
原则,21
切实,21
间,21
系列,21
恶意,21
外面,21
查验,21
中所,21
刑事,21
四川省,21
动车,21
误解,21
极,21
篇文章,21
2003,21
工具,21
几十,21
实言,21
亲戚,21
挥发,21
困难,21
当中,21
下水,21
眼,21
习惯,21
加,21
怀疑,21
出口,21
过敏,21
刺激性,21
部长,21
询问,21
组组,21
比例,21
查,21
山西,21
相比,21
郑重,21
发射,21
郑,21
特征,21
酶,21
农贸,21
农贸市场,21
患有,21
详细,21
手套,21
儿童,21
仅仅,21
父母,21
普通人,21
通人,21
国政,21
户,21
屋,21
血浆,21
形式,21
花园,21
电梯,21
保存,21
工作者,21
口腔,21
病毒性,21
性肺炎,21
特效药,21
消化道,21
特异性,21
双黄,21
双黄连,21
大使馆,21
MERS,21
解放军,21
插入,21
评论,21
就此,20
表述,20
暴发,20
检疫,20
条,20
理解,20
另行,20
吴,20
打赢,20
十五,20
法规,20
气消,20
抓,20
原文,20
穿,20
服,20
考察,20
业主,20
传出,20
彬,20
九江,20
散播,20
查核,20
马上,20
随意,20
内科,20
晚上,20
武,20
协助,20
营养,20
录,20
新生儿,20
生儿,20
所说,20
之外,20
一小,20
多家,20
感觉,20
回到,20
处以,20
抢购,20
大米,20
货车,20
人为,20
氯酸钠,20
酸钠,20
俄罗斯,20
罗斯,20
遗传,20
不应,20
流,20
毒株,20
出新,20
农业,20
花,20
市教委,20
教委,20
安检,20
题为,20
武穴,20
两名,20
监管局,20
宁波网,20
市面,20
青山,20
入院,20
救援,20
杭州市,20
喝水,20
黏膜,20
有害,20
银行,20
金银,20
接接,20
武器,20
咽喉,20
组成员,20
维生,20
维生素,20
力,20
芝,20
今晚,20
春节假期,20
节假,20
群体,20
吹风机,20
吹,20
首席,20
尼亚,20
快件,20
气管,20
入侵,20
总统,20
撤,20
基金会,20
艾滋病,20
东南,20
是从,19
区分,19
A,19
华中,19
资源,19
致死,19
错,19
药监局,19
绝大多数,19
友好,19
关心,19
阻击,19
二十,19
入口,19
客舱,19
可有,19
气流,19
并称,19
陆续,19
宣传部,19
一家人,19
越好,19
听,19
树,19
加上,19
机动,19
发过,19
咨询,19
杆菌,19
指定,19
参加,19
病毒感染者,19
余,19
主,19
不开,19
次数,19
表达,19
最重,19
女士,19
发到,19
群发,19
讲,19
京,19
腹泻,19
供,19
转,19
组组长,19
仙桃市,19
攻关,19
多种,19
人口,19
吸烟者,19
组,19
购物,19
伤害,19
驾车,19
做出,19
运动,19
禽,19
装箱,19
手上,19
90,19
擅自,19
体外,19
更快,19
埃,19
博拉,19
专利,19
离子,19
印本,19
宠物,19
300,19
青海,19
附着,19
抽烟,19
快,19
实情,19
升高,19
光,19
户籍,19
灯,19
广为,19
医,19
水质,19
营业时间,19
崎,19
琳,19
监狱,19
吉林,19
值得,19
签证,19
出租车,19
租车,19
餐饮,19
中位数,19
激素,19
议,18
新乡,18
首次,18
分网,18
并发,18
国旅,18
40,18
营运,18
一级,18
病毒检测,18
自测,18
人身,18
州,18
属地,18
地面,18
周边,18
盲目,18
出台,18
科普,18
加重,18
差异,18
面前,18
犯罪,18
汝南,18
乡镇,18
机动车,18
多名,18
赴,18
情绪,18
雄黄,18
爱心,18
港,18
金,18
青年报,18
补充,18
云,18
机会,18
担忧,18
田,18
广场,18
安,18
急救,18
老,18
鄂,18
呈,18
中医药,18
次氯酸钠,18
建筑,18
幼儿,18
智,18
地点,18
粪,18
回事,18
呼吸系统,18
贩卖,18
漱口,18
烟民,18
辉,18
得知,18
理性,18
难以,18
类型,18
南站,18
速度,18
不容,18
年级,18
车牌,18
市面上,18
总会,18
福州市,18
汽车,18
该药,18
总理,18
南京市,18
彭,18
生态,18
控制中心,18
必需,18
天开,18
二氧化氯,18
事发,18
熏,18
保洁员,18
增强,18
总,18
所有人,18
华侨,18
怕,18
中日友好医院,18
曹,18
放置,18
厂家,18
厕所,18
真,18
流水,18
广播,18
全身,18
生理,18
鸡蛋,18
妻子,18
测到,18
私家,18
私家车,18
有没有,18
人民币,18
回收,18
甘草,18
呦,18
猴子,18
统筹,17
社会秩序,17
定为,17
航空,17
上街,17
历史,17
病变,17
短时,17
诊,17
道路交通,17
长春,17
众生,17
供认,17
处罚法,17
环节,17
运转,17
通工,17
境内,17
援助,17
抢救,17
卡口,17
襄阳,17
新华社,17
清除,17
后续,17
特,17
中流,17
下陆区,17
眼球,17
感染性,17
人防,17
拦截,17
腾讯,17
洋葱,17
举措,17
到任,17
召,17
单独,17
熔,17
铁路,17
办事,17
办事处,17
关人,17
一辆,17
完,17
储备,17
粘,17
无论是,17
饮用,17
京东,17
描述,17
荆州市,17
张家界,17
万多,17
就餐,17
中分,17
意义,17
地网,17
研制,17
受体,17
ACE2,17
贵州,17
2000,17
两周,17
单,17
材质,17
无纺布,17
自称,17
一事,17
呼和浩特,17
年前,17
集装,17
集装箱,17
园区,17
乏力,17
指标,17
不再,17
通关,17
阻止,17
下雪,17
上路,17
已有,17
传说,17
其他人,17
青海湖,17
园,17
益生菌,17
丢失,17
验证,17
聚丙烯,17
防护用品,17
训诫,17
奥,17
含量,17
所致,17
查出,17
风油精,17
理论,17
凝固,17
静置,17
精油,17
主席,17
有感,17
失,17
英国,17
案例,17
南区,17
大规,17
大规模,17
氨基,17
氨基酸,17
政局,17
豁免,17
安阳,16
等级,16
高风险,16
最早,16
第十,16
云南,16
人心,16
质疑,16
账号,16
中南,16
水平,16
治,16
法律责任,16
千万别,16
版,16
返校,16
数字,16
朝阳,16
隐瞒,16
供认不讳,16
不讳,16
治安管理,16
设立,16
办公厅,16
关公,16
经历,16
防静电,16
利于,16
天门,16
门市,16
公安部门,16
放松,16
企,16
这段,16
日期,16
删除,16
女生,16
乙酸,16
区市,16
捐献,16
洪山,16
激活,16
南充,16
角度,16
山东省,16
交通工具,16
热病,16
高校,16
华大,16
未收,16
甘肃,16
较为,16
信群发,16
停,16
型,16
书,16
集体,16
停留,16
度过,16
警惕,16
天气,16
未来,16
考察组,16
口传,16
观察者,16
对照,16
病毒学,16
调查核实,16
到处,16
处方,16
院内,16
卫生局,16
仔细,16
排队,16
概念,16
带病,16
式,16
有效性,16
同志,16
头发,16
高浓度,16
走,16
武穴市,16
倒,16
金山,16
监督管理,16
粮油,16
迄今,16
男性,16
消失,16
改善,16
发挥,16
截留,16
获,16
侵染,16
过气,16
监管部,16
监管部门,16
分泌物,16
实时,16
落款,16
平时,16
后会,16
列,16
毫无,16
无锡,16
江宁,16
命名,16
司,16
擦拭,16
醋,16
想象,16
艾,16
顾客,16
撒,16
冲洗,16
邮政,16
玩,16
通感,16
降雪,16
干咳,16
求助,16
这位,16
早上,16
南市,16
48,16
综合征,16
反复,16
实有,16
伊朗,16
复发,16
鄂州,16
住户,16
安县,16
大利,16
争议,16
兰州,16
肺泡,16
SARSCoV,16
朝日,16
济宁,16
拐点,16
气温,16
谱,15
南县,15
新闻办,15
作,15
轻微,15
遗体,15
许可,15
老年人,15
保留,15
追究,15
岗,15
事故,15
上级,15
尽可,15
尽可能,15
暂,15
一款,15
150,15
国公,15
公民,15
阻击战,15
中山,15
一项,15
遵守,15
对公,15
强化,15
前提,15
机上,15
更好,15
触到,15
此为,15
此信,15
主管,15
程序,15
建立,15
不当,15
大队,15
闭管,15
情面,15
名称,15
市中心,15
速,15
称为,15
不好,15
隔离病房,15
过氧,15
积水,15
积水潭,15
水潭,15
电子,15
获取信息,15
取信,15
书记,15
人次,15
汇报,15
最长,15
港人,15
观点,15
布,15
背,15
本来,15
热线,15
物流,15
传统,15
吨,15
余氯,15
可用,15
平均,15
80,15
源于,15
左,15
金融,15
扣押,15
透露,15
官方网,15
官方网站,15
中新,15
低于,15
到位,15
通,15
眼部,15
吸收,15
大小,15
春季,15
切断,15
一层,15
带病毒,15
返京,15
重庆市,15
00,15
三年,15
不必要,15
未曾,15
迄今为止,15
试用,15
廖,15
儿子,15
学者,15
副作用,15
出生,15
全城,15
生活必需,15
必需品,15
无任,15
篇,15
接下,15
接下来,15
定会,15
加油站,15
库存,15
密封,15
月薪,15
驰援,15
绿色,15
烧,15
加工,15
托,15
西亚,15
于今,15
商品,15
高级别,15
寄,15
用纸,15
500,15
认证,15
肯尼,15
肯尼亚,15
广为流传,15
支气管,15
香油,15
官员,15
十,15
白酒,15
德国,15
苑,15
频道,15
离人,15
厦门,15
肾脏,15
奥委会,15
奥组委,15
组委,15
采集,15
防御,15
突变,15
HIV,15
斯,15
垫,15
街,15
中百,15
核减,15
现钞,15
4A,15
增选,15
猕猴,15
信阳,14
推进,14
更是,14
华中科,14
华中科技,14
华中科技大学,14
自新,14
常规,14
赵,14
短时间,14
对抗,14
限性,14
万个,14
碰,14
未有,14
家用,14
立刻,14
如今,14
记者会,14
合作,14
社,14
物美,14
另行通知,14
投入,14
各项,14
教育部门,14
天下,14
外籍,14
测,14
不在,14
方向,14
公务,14
非法,14
江岸,14
下车,14
标注,14
发至,14
值守,14
该是,14
省委,14
区委,14
人均,14
杀毒,14
有研,14
热敏,14
好个,14
汉,14
人力,14
所传,14
国外,14
病菌,14
功效,14
学工,14
情况汇报,14
原则上,14
传开,14
香港大学,14
长垣,14
器械,14
陕西,14
崔,14
路上,14
招远,14
适宜,14
文成,14
无异,14
唾液,14
消费者,14
背景,14
哮喘,14
咽,14
道歉,14
事,14
建设,14
斌,14
慢性,14
该院,14
苏州,14
恒,14
制剂,14
投资,14
辽宁,14
零时,14
农村,14
学会,14
广州市,14
正规渠道,14
明火,14
孙,14
父亲,14
辰,14
卖,14
我会,14
汤,14
楚,14
超,14
干扰,14
屠宰,14
识别,14
泸州,14
包裹,14
沾染,14
哺乳,14
转阴,14
顺利,14
负担,14
不让,14
织造,14
同意,14
中国政府,14
收费公路,14
悬浮,14
封锁,14
常时,14
药水,14
小心,14
来讲,14
海口,14
身边,14
海外,14
属,14
嚼,14
华山,14
华山医院,14
深呼,14
深呼吸,14
发帖,14
马来,14
马来西亚,14
太阳,14
铁蛋,14
铁蛋白,14
足以,14
机体,14
主干,14
主干道,14
干道,14
消毒药,14
光明,14
饮食,14
机理,14
猪,14
混合,14
如有,14
南航,14
另一方,14
步骤,14
鼻孔,14
货源,14
发酵,14
开发区,14
返程,14
生变,14
出厂,14
梅,14
济南市,14
老板,14
独立,14
打开,14
劳动,14
丽,14
首例,14
给出,14
定性,14
亿元,14
补助,14
母婴,14
J,14
银离子,14
纸尿裤,14
口服,14
意见,13
恢复正常,13
早在,13
气道,13
干预,13
为重,13
中出,13
驾驶员,13
表,13
乘车,13
码,13
登录,13
饭店,13
流程,13
国防,13
捏造,13
这场,13
通讯,13
PS,13
更换,13
队伍,13
人称,13
常委,13
场上,13
证件,13
家园,13
自杀,13
监控,13
火车站,13
接诊,13
现已,13
返乡,13
公主,13
温州市,13
丢弃,13
变,13
依法行政,13
写,13
最新消息,13
医学科,13
学科,13
心理,13
建,13
二次,13
补贴,13
恶劣,13
涉嫌,13
省级,13
业生,13
学期,13
即将,13
规划,13
母亲,13
医疗器械,13
地名,13
北路,13
不想,13
污染物,13
确有,13
大厦,13
35,13
不分,13
肖,13
巡逻,13
结膜,13
便是,13
言中,13
路边,13
站上,13
仓库,13
添加,13
未知,13
基因组,13
邮寄,13
放烟,13
消灭,13
实在,13
粘膜,13
地市,13
成立,13
这类,13
来源于,13
标本,13
盖,13
法院,13
在内,13
晨报,13
宣,13
草莓,13
海淀,13
三天,13
援,13
高于,13
现出,13
能感,13
辨别,13
种类,13
非常低,13
呼和浩特市,13
解放日报,13
否认,13
注射,13
同学,13
休市,13
生鲜,13
一系,13
一系列,13
同情,13
繁殖,13
干燥,13
列入,13
音,13
非织造,13
感到,13
车辆通行,13
生活必需品,13
正常化,13
学上,13
因子,13
潭,13
远远,13
相互,13
穗,13
被扣,13
圈内,13
厕,13
务必,13
联,13
判定,13
肠道,13
沙地,13
爆料,13
生活用品,13
活用,13
扣留,13
视网,13
板蓝根,13
呼吸科,13
交流,13
分解,13
手部,13
痊愈,13
首席专家,13
墨尔本,13
送回,13
捐助,13
运,13
行为人,13
呼吸阀,13
生相,13
北京西站,13
西站,13
房间,13
北京公交,13
检查站,13
香蕉,13
狗,13
钻石,13
接待,13
体液,13
罩垫,13
颗粒物,13
下图,13
子女,13
定论,13
民政局,13
邮轮,13
销毁,13
现金,13
指引,13
淮北,13
没收,13
博物,13
博物馆,13
听说,12
常生,12
动态,12
湖南省,12
区别,12
变形,12
前期,12
北京大学第一医院,12
自限性,12
交通安全,12
力度,12
触,12
盒,12
栏目,12
关键词,12
中方,12
经验,12
众志成城,12
志成,12
成城,12
新城,12
会展,12
情况通报,12
延期,12
全文,12
局长,12
生命安全,12
年度,12
大连,12
44,12
法事,12
法律法规,12
律法,12
依法查处,12
伪造,12
所发,12
日后,12
迟到,12
所用,12
额外,12
出征,12
主管部门,12
查封,12
一千,12
发送,12
浙,12
碎石,12
剩下,12
猜测,12
开通,12
行政处罚,12
干部,12
误导,12
虚构,12
明确指出,12
提升,12
聚餐,12
十二,12
播,12
课堂,12
开会,12
大学生,12
免,12
揉,12
长江日报,12
照射,12
发性,12
考,12
西安市,12
办理,12
意识,12
下水道,12
水道,12
无证,12
无证据,12
去年,12
帐篷,12
可疑,12
求进,12
青浦,12
武汉长江大桥,12
长江大桥,12
标志,12
诱发,12
体质,12
氧化物,12
某种,12
测体温,12
镇政府,12
领域,12
检索,12
同事,12
尿液,12
宋,12
志,12
冷冻,12
上限,12
等待,12
郑重声明,12
为期,12
行检,12
求,12
月初,12
老家,12
流量,12
室外,12
赤峰,12
湘雅,12
白岩松,12
多年,12
行驶,12
保,12
齐齐,12
吸引,12
制度,12
一月,12
敏,12
株洲市,12
承担,12
赠物,12
买菜,12
唯一,12
38,12
前来,12
排出,12
名义,12
受损,12
织造布,12
地下,12
土壤,12
基本上,12
增殖,12
施工,12
南非,12
资讯,12
广大群众,12
大群,12
空气流,12
多例,12
医院院长,12
圈,12
烟,12
广,12
霉素,12
话,12
演出,12
航,12
小汤,12
小汤山,12
落地,12
开来,12
菜场,12
央视网,12
北京协和医院,12
醋酸,12
转告,12
光明网,12
干,12
免洗,12
摄氏,12
病死,12
刷,12
气管炎,12
管炎,12
不等,12
等于,12
蚊虫,12
临床表现,12
未在,12
李医生,12
捐款,12
北新,12
劝返,12
爆竹,12
政协,12
口红,12
文化,12
出逃,12
接近,12
大型,12
派遣,12
北区,12
公交线,12
公交线路,12
物业,12
并进,12
取样,12
越南,12
间隔,12
对象,12
上呼吸道,12
coronavirus,12
植物,12
位置,12
上游,12
说话,12
淋巴,12
亲自,12
答案,12
妇产,12
无定,12
寻找,12
芬,12
十堰,12
寿司,12
胎儿,12
常,12
叫停,12
媒,12
德阳,12
甘草酸,12
草酸,12
遗传信息,12
Windy,12
卫生巾,12
洛,12
特朗普,12
Eric,12
FeiglDing,12
口服液,12
HIV1,12
各市,11
精准,11
策,11
策略,11
B,11
随即,11
呼吸机,11
吸,11
机,11
有待,11
号称,11
想到,11
送往,11
规,11
宇,11
体检,11
能及,11
昨日,11
已于,11
第一线,11
各省,11
晓,11
四个,11
畅通,11
趋势,11
实,11
军,11
秋,11
片中,11
今天下午,11
大邑,11
开成,11
上表,11
佳,11
乐陵,11
并处,11
襄城,11
襄城区,11
齐鲁,11
食,11
餐馆,11
出售,11
执勤,11
严厉,11
打击,11
不幸,11
安置,11
刑事拘留,11
厂,11
青,11
找,11
疑问,11
批评,11
知情,11
急需,11
出发,11
涛,11
零,11
很重,11
乙醚,11
过氧乙酸,11
排在,11
装卸,11
台,11
家口,11
较真,11
清,11
沟通,11
硕士,11
经理,11
很小,11
手册,11
散步,11
乌有,11
催化,11
慢慢,11
12345,11
成果,11
百姓,11
集聚,11
温,11
定时,11
34,11
天然,11
强度,11
提,11
唐,11
前所,11
性气,11
说明书,11
食堂,11
主持,11
幼儿园,11
稳,11
钟,11
人物,11
同源,11
52,11
49,11
药房,11
工艺,11
解除限制,11
不意,11
同胞,11
难度,11
加快,11
永,11
频繁,11
值,11
科技部,11
关内,11
全新,11
歪曲,11
本市,11
商家,11
本部,11
聊天记录,11
铁站,11
管委,11
妇幼,11
妇幼保健,11
保健院,11
南大,11
湘雅医院,11
工资,11
致病性,11
2017,11
暗示,11
域,11
包,11
讨论稿,11
理由,11
第六,11
业协会,11
逃跑,11
洞,11
病症,11
保安,11
工业园,11
用到,11
一件,11
广西,11
临桂,11
交代,11
床上,11
红旗,11
每次,11
地表,11
过量,11
不大,11
康,11
假新闻,11
免收,11
令,11
发消息,11
空气流通,11
烟草,11
1099,11
头,11
从今,11
扫描,11
煮熟,11
不许,11
断,11
气候,11
闭,11
声,11
空降,11
合肥市,11
门把手,11
把手,11
灵,11
圈里,11
佩,11
柳江,11
查明,11
招聘,11
拿到,11
班,11
奋战,11
日照,11
邮件,11
侵犯,11
著名,11
北方,11
室内空气,11
杰,11
门窗,11
南宁,11
各国,11
新政,11
药方,11
洗洗,11
后遗,11
后遗症,11
规律,11
阳台,11
市里,11
摸,11
水冲,11
摄氏度,11
病死率,11
致电,11
鼻腔,11
漂浮,11
叮咬,11
业务,11
逐一,11
上空,11
十一,11
未戴,11
中部,11
果市,11
环卫,11
设施,11
春运,11
注入,11
过眼,11
夸大,11
检,11
货架,11
此条,11
测温仪,11
神经,11
送来,11
特种,11
特种车,11
交警部门,11
关法,11
钢,11
董事,11
董事长,11
有助,11
高达,11
清水,11
真实情况,11
市北,11
95,11
寒冷,11
量减少,11
基地,11
哺乳动物,11
甚广,11
刑满,11
白,11
客人,11
国际奥委会,11
不及,11
殴打,11
2012,11
沈阳市,11
喜欢,11
随机,11
KN95,11
烟台,11
常情,11
拍,11
朝日新闻,11
事权,11
样,11
传染给,11
性病,11
意大利,11
铁轨,11
警辟,11
毒气,11
三种,11
眼镜,11
后果,11
SARSCoV2,11
剧烈,11
https,11
微米,11
年龄组,11
m,11
姜片,11
溢,11
垂直,11
关停,11
湘阴,11
兴文,11
外公,10
划定,10
栓,10
良,10
尸体,10
36,10
损害,10
重型,10
实名,10
引导,10
外交,10
分享,10
对接,10
防部,10
抓获,10
五日,10
市长,10
哈尔滨市,10
出入口,10
国务院办公厅,10
院办,10
培训,10
甄别,10
定将,10
比对,10
大邑县,10
高效,10
前线,10
半个,10
市内,10
新疆,10
分布,10
生地,10
高度重视,10
不良影响,10
件,10
未感染,10
表格,10
厅,10
白菜,10
太大,10
涉事,10
级,10
好友,10
帖,10
情人,10
会诊,10
西医,10
理学,10
第二批,10
二批,10
总医院,10
硫化,10
抑制作用,10
氯仿,10
平稳,10
汉城,10
茶,10
查看,10
经济网,10
发源,10
介入,10
上学,10
看似,10
政府部门,10
推出,10
中国青年报,10
包机,10
我院,10
乙肝,10
意在,10
触摸,10
材,10
压力,10
调拨,10
科技日报,10
岳,10
牡丹,10
有机,10
转化,10
街道办,10
座,10
病防治,10
水泥,10
水泥厂,10
秦,10
扎堆,10
鼻涕,10
局部,10
商店,10
水中,10
立方,10
立方米,10
搭建,10
休息,10
新发,10
产能,10
双,10
尝试,10
看望,10
2016,10
完整,10
69,10
马桶,10
额,10
对症,10
甘肃省,10
六个,10
求全,10
2013,10
新华网,10
断章取义,10
取义,10
该市,10
之下,10
发射率,10
调节,10
大中,10
文明,10
同一个,10
节期,10
自驾,10
严格执行,10
其父,10
腐蚀,10
易燃,10
大致,10
赞,10
段,10
医学专家,10
忏悔,10
生意,10
水产品,10
避孕,10
避孕药,10
生病,10
实发,10
个案,10
因病,10
移交,10
齐齐哈尔,10
2015,10
菌体,10
广谱,10
极大,10
家禽,10
停业,10
套,10
墙壁,10
板墙,10
改造,10
精神疾病,10
爬,10
白色,10
所需,10
香,10
海,10
装置,10
所在地,10
上皮,10
上皮细胞,10
道口,10
2014,10
纺,10
生成,10
残留,10
急,10
刊发,10
存放,10
极端,10
平潭,10
人民银行,10
呆,10
推测,10
自愈,10
放到,10
透,10
第一个,10
态度,10
囤积,10
X,10
共同体,10
同体,10
私人,10
风,10
第四版,10
四版,10
血压,10
出城,10
使用期,10
信以为真,10
记得,10
泉州,10
飞往,10
缺货,10
请勿,10
支气管炎,10
滴,10
提取物,10
车内,10
亦可,10
运输局,10
气象,10
雄,10
频发,10
华商,10
短信,10
室里,10
信息办,10
建造,10
不稳,10
开水,10
烫,10
第十五,10
平方,10
平方米,10
省政协,10
站口,10
新风,10
个人卫生,10
高烧,10
三十,10
浦东,10
带走,10
求真,10
户口,10
中东,10
已知,10
度越,10
尽量减少,10
赠送,10
主人,10
新民,10
拘,10
人行,10
刑满释放,10
进京,10
东城,10
圣火,10
国籍,10
车队,10
漏洞,10
斯洛伐克,10
格里,10
里尼,10
贡献,10
直径,10
传唤,10
候选,10
合适,10
新浪,10
北大,10
曼,10
该条,10
比亚,10
蛋白酶,10
名叫,10
生存,10
汉南,10
可抑制,10
微克,10
跳楼,10
精液,10
敌人,10
蜂蜜,10
聊城,10
惠阳,10
韦利,10
影视,10
不靠,9
分区,9
划分,9
此后,9
而非,9
较轻,9
高新,9
新区,9
天一,9
降到,9
医学杂志,9
体系,9
床,9
贵,9
掉以轻心,9
轻心,9
配发,9
依法追究,9
违规,9
调配,9
例行,9
愿,9
会展中心,9
外国,9
原定,9
第二十,9
成人,9
工作部,9
严,9
中关,9
乐观,9
拟,9
77,9
要使,9
首尔,9
适合,9
蝗虫,9
特区,9
门将,9
经营户,9
解封,9
自由,9
交接,9
用为,9
野味,9
药用,9
方可,9
遂,9
上吊,9
发生地,9
商标,9
主城,9
主城区,9
经警,9
罪嫌,9
乡人,9
字样,9
地址,9
发给,9
运到,9
看起,9
看起来,9
主观,9
起网,9
团结,9
队长,9
时隔,9
学医,9
接回,9
体平,9
北京积水潭医院,9
减免,9
记分,9
周期,9
安全法,9
试点,9
零号,9
广州日报,9
恐怖,9
院方,9
中大,9
混淆,9
研判,9
就业,9
分会,9
成本,9
并提,9
传递,9
闲逛,9
湖景区,9
强行,9
子虚,9
子虚乌有,9
养殖,9
道理,9
家庄,9
湖区,9
简称,9
地政,9
合力,9
西门,9
院中,9
道听途说,9
平安,9
暂无,9
含酒精,9
沾,9
静安,9
俄,9
应为,9
天内,9
自动,9
十万,9
进来,9
驱,9
焰火,9
问,9
药师,9
森林,9
厨师,9
复查,9
讲话,9
完善,9
本次,9
病患者,9
精神病院,9
病院,9
权威部门,9
山,9
载体,9
依次,9
总局,9
草,9
远离,9
营销,9
见,9
司长,9
汤剂,9
可防,9
细致,9
百分,9
床位,9
其家,9
身体状况,9
学部,9
更易,9
能量,9
变为,9
放射,9
侵入,9
大中小,9
大中小学,9
鸵鸟,9
鸵鸟蛋,9
鸟蛋,9
片段,9
售价,9
喷洒在,9
家居,9
必,9
体育局,9
提下,9
号召,9
物,9
密,9
纪委,9
监委,9
严格管理,9
一处,9
警示,9
箱式,9
藏,9
佛山,9
链,9
除此,9
缴费,9
已向,9
青山区,9
鼓楼区,9
楼区,9
政府网,9
工业园区,9
服药,9
硬核,9
吸气,9
缩短,9
批件,9
或许,9
疗法,9
净化,9
血,9
命案,9
该案,9
沉降,9
喉咙,9
湿润,9
水能,9
文献,9
村人,9
临沂,9
爆,9
危,9
地下水,9
世,9
遗憾,9
通行费,9
条例,9
贵阳,9
值班,9
纠察,9
配有,9
不利,9
灭菌,9
制备,9
氧,9
面有,9
发市,9
村委,9
鼓励,9
证出,9
没人,9
杀伤,9
关,9
上海市教委,9
XX,9
一个月,9
显效,9
栋,9
严禁,9
二者,9
出面,9
瑞安,9
话题,9
限度,9
收,9
可燃,9
保健品,9
招工,9
SO2,9
第四批,9
四批,9
没了,9
胸部,9
口径,9
流传开来,9
二手,9
二手烟,9
减轻,9
白衣,9
河北省,9
科学研究,9
万元,9
打包,9
消毒药水,9
贸易,9
生化,9
期限,9
取代,9
买到,9
变质,9
生食,9
尚待,9
播报,9
南昌,9
干净,9
首都,9
满,9
揽,9
升级,9
客服,9
持正,9
可靠,9
小孩,9
较差,9
广发,9
颜色,9
涂抹,9
鼻塞,9
三家,9
高速路,9
竹,9
此人,9
两年,9
连日,9
水果市场,9
老百姓,9
烧开,9
水层,9
三层,9
车牌号,9
牌号,9
过往,9
济,9
南阳,9
防城,9
防城港,9
两地,9
赶到,9
连锁,9
2010,9
南通,9
期中,9
乡,9
病毒基因,9
衰竭,9
患病,9
分配,9
庆,9
支付宝,9
蒙古国,9
古国,9
台上,9
门卫,9
东,9
个例,9
行医,9
白宫,9
宴会,9
封闭式,9
闭式,9
蜜蜂,9
举办,9
源地,9
女性,9
地震,9
不小,9
取,9
冲突,9
意外,9
易发,9
人工合成,9
好几,9
1500,9
疟疾,9
学术,9
要到,9
循环系统,9
血管,9
尿,9
麻将,9
专人,9
所示,9
财经,9
认定,9
消除,9
产妇,9
大华,9
仓储,9
学人,9
牌,9
现实,9
数万,9
光头,9
解答,9
国华,9
场景,9
沉香,9
喷雾,9
奔驰,9
大气,9
镜,9
吉林市,9
隐形,9
IgM,9
湿度,9
战时,9
抑菌,9
两篇,9
屠,9
发声,9
改为,9
国药,9
加拿,9
加拿大,9
坠楼,9
列为,9
二代,9
信息网,9
莆田,9
妊娠,9
分娩,9
零售,9
低温,9
沂南,9
大润发,9
晞,9
艾滋病毒,9
Dr,9
隔断,9
付,9
烟花爆竹,9
诸多,8
十四,8
制订,8
三级,8
经济社会,8
降至,8
十多,8
41,8
这份,8
无稽,8
无稽之谈,8
日夜,8
同步,8
拍摄者,8
台账,8
分公司,8
公示,8
优先,8
客流,8
行使,8
卖家,8
标明,8
这款,8
享受,8
定期,8
客观,8
所能,8
大西,8
过于,8
长春市,8
大饭店,8
外国人,8
确,8
分流,8
承诺,8
外人,8
麒麟,8
决策,8
重申,8
正处,8
师生,8
复课,8
达成,8
159,8
外籍人,8
申报,8
各区,8
蝗灾,8
有利于,8
帖子,8
小区业主,8
华西,8
浪费,8
十三,8
贯彻,8
人大,8
广告,8
追踪,8
繁育,8
撤回,8
之日,8
审批,8
行人,8
严厉打击,8
姓名,8
名作,8
大悦,8
QQ,8
千多,8
七日,8
新鲜,8
货,8
不出,8
一心,8
限,8
真假,8
安阳市,8
一支,8
结核,8
躲避,8
派车,8
短期,8
交通管理,8
一新,8
北京青年报,8
回答,8
严防,8
开展调查,8
熊,8
毕业生,8
江苏省,8
载,8
苏,8
星,8
双手,8
供给,8
偷偷,8
停产,8
屏,8
上口,8
翡翠,8
依旧,8
报备,8
承认,8
光催化,8
化合,8
化合物,8
石家,8
石家庄,8
事项,8
政务,8
探亲,8
防治法,8
治法,8
谭,8
此举,8
COVID19,8
姜,8
供水,8
奉贤,8
上海市公安局,8
上会,8
新病毒,8
覆盖,8
昨晚,8
真实性,8
一场,8
脱离,8
森林公园,8
胸闷,8
拭,8
第一批,8
信心,8
党委,8
元素,8
株,8
测序,8
间接,8
人民法院,8
民法,8
通知书,8
潇湘,8
镇江,8
筛选,8
代,8
解析,8
战胜,8
2009,8
减弱,8
长途,8
牛羊,8
牛羊肉,8
羊肉,8
公寓,8
即日,8
百分之,8
遏制,8
计数,8
龙,8
人种,8
计算,8
人眼,8
接进,8
实存,8
医保卡,8
一类,8
商业,8
选购,8
擦亮,8
松,8
地坛,8
国有,8
留下,8
免费发,8
播出,8
供货,8
病危,8
余姚,8
肆虐,8
奇怪,8
三年级,8
要以,8
冷静,8
有数,8
一大,8
冷,8
荷塘,8
荷塘区,8
意向,8
病史,8
院会,8
夹板,8
窗户,8
逃出,8
排毒,8
痛,8
核,8
差,8
妇女,8
评价,8
化,8
54,8
更新,8
适应症,8
批上,8
论坛,8
出自,8
口水,8
多喝水,8
剂,8
中会,8
前情,8
吃饭,8
每人,8
情感,8
铜梁,8
太平,8
抵制,8
财政部,8
非必要,8
不外,8
纠察队,8
行者,8
来车,8
别提,8
起重,8
听到,8
雾,8
回京,8
逃离,8
散,8
回顾,8
极其,8
力保,8
能成,8
互转,8
配图,8
一回,8
菌素,8
民间,8
该项,8
行管,8
尚不,8
成品,8
剑,8
分成,8
箱,8
闻,8
第九,8
来势,8
来势汹汹,8
汹汹,8
引燃,8
蒸汽,8
厨房,8
不宜,8
可行,8
海南,8
在意,8
强大,8
火烧,8
轮流,8
定义,8
已用,8
招,8
高价,8
空气质量,8
气质,8
查到,8
过上,8
慈溪,8
阮,8
湿,8
晒太阳,8
大限,8
大限度,8
科学依据,8
不耐,8
锡,8
代谢,8
政法,8
冬季,8
校长,8
中毒,8
损坏,8
部,8
够,8
熟食,8
分开,8
满载,8
字幕,8
内罗毕,8
货物,8
剪辑,8
究竟,8
总工,8
印象,8
鞍山,8
高峰,8
面朝,8
朝外,8
消毒水,8
毒水,8
球菌,8
开口,8
派送,8
开门,8
工务,8
国中,8
很少,8
明日,8
电吹风,8
烫伤,8
倍,8
凝固点,8
冰箱,8
张家口,8
药剂,8
上海站,8
万人次,8
放假,8
吸湿,8
司乘人员,8
吃药,8
方便面,8
港市,8
辆车,8
失败,8
出站口,8
上海浦东,8
本土,8
查控,8
行将,8
阿里,8
手续,8
新网,8
家族,8
传人,8
头痛,8
疼痛,8
场合,8
限购,8
增高,8
收取,8
主持人,8
月份,8
蓝色,8
羊,8
赶往,8
卫生纸,8
选举,8
利,8
新民晚报,8
大会,8
不多,8
42,8
网页,8
有所不同,8
生命危险,8
收入,8
女子监狱,8
普,8
2011,8
樱花,8
商报,8
招待,8
德,8
动员,8
半岛,8
展开,8
税务,8
马,8
泄露,8
邵阳,8
数,8
团购,8
中文,8
养老,8
养老院,8
大概,8
隔离区,8
滤芯,8
罗,8
一万,8
素食,8
能源,8
应答,8
贝,8
计时,8
住院治疗,8
产科,8
候选人,8
选人,8
高考,8
检出,8
山猫,8
一年,8
周转,8
苹果,8
玻璃,8
人间,8
弥漫,8
宜昌,8
65,8
东方,8
蜂毒,8
女孩,8
留学,8
留学生,8
总干事,8
干事,8
寿司店,8
这家,8
加热,8
睾丸,8
济宁市,8
半数,8
之内,8
体征,8
推广,8
l,8
最多,8
人文,8
除病,8
非常容易,8
常容,8
淋巴细胞,8
草药,8
毕竟,8
墙,8
方证,8
360,8
值得注意,8
头部,8
密西,8
水域,8
国大,8
Q,8
十日,8
好多,8
中央财政,8
马尼拉,8
尼拉,8
求真务实,8
务实,8
鹤壁,8
吐鲁番,8
鲁番,8
抗艾滋,8
仿制,8
特批,8
南丹,8
印度人,8
投食,8
韩城,8
VC,8
餐饮企业,8
新加坡,8
险区,7
第一次,7
有异,7
佐证,7
可信度,7
信度,7
几分,7
低位,7
卷,7
结果显示,7
理过,7
热症,7
诊治,7
车驾,7
权利,7
行期,7
警告,7
大发,7
全程,7
国家药监局,7
时艰,7
朝阳区,7
大西洋,7
西洋,7
全文如下,7
指示,7
半年,7
自治,7
孔,7
人际,7
未下,7
从来,7
一个整,7
篡改,7
下属,7
报表,7
国际机场,7
测点,7
去向,7
委托,7
隔绝,7
旁边,7
拍下,7
言传,7
严惩,7
有生,7
林业,7
草原,7
常委会,7
摊位,7
许可证,7
须,7
之日起,7
批条,7
合法,7
法定,7
塔,7
锦绣,7
出动,7
不放,7
图表,7
汝南县,7
陆,7
废弃,7
转到,7
塑料,7
系上,7
致使,7
网络平台,7
知情人,7
长发,7
部队,7
最小,7
期内,7
福利,7
领,7
恶劣影响,7
因涉嫌,7
党,7
如无,7
研究生,7
制发,7
查实,7
新乡市,7
产经,7
南,7
信阳市,7
挥发性,7
亚洲,7
思路,7
化为,7
逻辑,7
人流,7
发布公告,7
救助,7
当地政府,7
一同,7
文成县,7
成县,7
网格,7
免与,7
饮用水,7
静安区,7
少有,7
数十,7
数天,7
产业,7
沙,7
宝,7
山河,7
节奏,7
抢救无效,7
萍,7
万年,7
开具,7
潇湘晨报,7
科研人员,7
西湖,7
复合,7
抑制剂,7
下调,7
国是,7
系统疾病,7
模型,7
峰值,7
省外,7
伪科学,7
设卡,7
查结,7
目标,7
呈现,7
同人,7
亚裔,7
物理,7
放大,7
纳米,7
看不到,7
部副,7
太原,7
透过,7
医学会,7
规则,7
量产,7
他国,7
本质,7
原料,7
出过,7
要为,7
一切正常,7
贾,7
紧急会议,7
原路,7
唐山市,7
连线,7
入市,7
黄鳝,7
管理人员,7
字,7
壳,7
进去,7
搜,7
博取,7
放回,7
街面,7
转载,7
法人,7
谎称,7
轻易,7
第六版,7
六版,7
金山区,7
发表声明,7
社会各界,7
各界,7
佛山市,7
但要,7
特此,7
日出,7
群聊,7
福建省,7
清肺,7
伴有,7
46,7
用具,7
篮子,7
皮,7
挡住,7
西南,7
中医医院,7
桂林,7
可控,7
效力,7
对流,7
内外,7
扣,7
刑事案,7
刑事案件,7
瞒报,7
患儿,7
包含,7
金属,7
防水,7
登,7
化性,7
市镇,7
菌,7
世纪,7
腐蚀性,7
当官,7
落,7
遭遇,7
伴随,7
流出,7
添,7
升,7
全球性,7
网络空间,7
运输部,7
一组,7
支撑,7
今明,7
起居,7
国道,7
致歉,7
可达,7
中观,7
严密,7
津市,7
感染率,7
治病,7
枢,7
个数,7
日来,7
主体,7
民生,7
保定,7
中空,7
劝导,7
一夜,7
家门,7
终结,7
终结者,7
生火,7
有毒,7
法治,7
瑞安市,7
并于,7
不来,7
取出,7
纸,7
制成,7
后用,7
柳州市,7
而来,7
度数,7
一经,7
支,7
第一天,7
某地,7
G2,7
海防,7
警车,7
认知,7
分给,7
总署,7
大人,7
共用,7
体温计,7
温计,7
能带,7
酒,7
维,7
制住,7
特性,7
小哥,7
截获,7
传到,7
闭门,7
倒退,7
大学校长,7
碱性,7
关文,7
公共厕所,7
洗净,7
来电,7
短视,7
随州市,7
蔬菜水果,7
买回,7
肉类,7
滋生,7
炒菜,7
广播电视,7
按钮,7
回中,7
座位,7
发货,7
稍微,7
不限,7
最佳,7
中老年,7
致死率,7
本意,7
涂,7
法系,7
生理盐水,7
中央气象台,7
气象台,7
用者,7
通信,7
汉中,7
逆行,7
尽可能减少,7
中路,7
最上,7
失效,7
煮,7
两级,7
33,7
装出,7
薄,7
阻,7
眼神,7
得病,7
大事,7
管用,7
私自,7
陪,7
关岭,7
汉籍,7
桐庐,7
涌入,7
菜货,7
产物,7
交易市场,7
过分,7
印尼,7
脸,7
车票,7
合格,7
安装,7
路段,7
间断,7
全部封,7
地铁站,7
故障,7
家乐,7
家乐福,7
拒收,7
持有,7
水分,7
生气,7
全民,7
套路,7
37,7
鱼塘,7
居委,7
居委会,7
号令,7
亚,7
吐口,7
市北区,7
头晕,7
复核,7
坚守,7
爱人,7
30000,7
二连,7
二连浩特,7
有助于,7
助于,7
护,7
监察,7
猫,7
生人,7
十年,7
百人,7
美,7
范,7
二三,7
高血压,7
ACEI,7
用餐,7
人民大会堂,7
大会堂,7
会堂,7
当局,7
先要,7
太多,7
邵东,7
东市,7
鄂州市,7
老伯,7
擦亮眼睛,7
亮眼,7
彼得,7
面临,7
全世界,7
产出,7
学学,7
哈佛大学,7
生化武器,7
化武,7
推断,7
估计,7
房地,7
房地产,7
地产,7
挺,7
CN95,7
停车,7
用车,7
氧气,7
宁县,7
个体,7
当晚,7
土霉素,7
自愿,7
到来,7
同年,7
黄体,7
黄体酮,7
妇产科,7
伦敦,7
待遇,7
化妆,7
化妆品,7
储存,7
市场供应,7
北京市民,7
募捐,7
举报人,7
报人,7
北京大学人民医院,7
重建,7
磨,7
华联,7
兴,7
网网,7
船上,7
伤亡,7
暂不,7
交通广播,7
报复,7
有期,7
有期徒刑,7
徒刑,7
工,7
理光,7
可不,7
解散,7
北市,7
杜,7
关节,7
参考,7
脂,7
三明,7
帽,7
订餐,7
餐,7
金银花,7
银花,7
人人,7
厉害,7
第一例,7
求助信,7
放进,7
喀拉,7
喀拉拉,7
拉拉,7
发生冲突,7
工会,7
文化宫,7
要来,7
五百,7
确定性,7
隐形眼镜,7
想要,7
现任,7
融,7
呼出,7
同仁,7
同仁堂,7
中医科,7
绿色通道,7
谢,7
比亚迪,7
DNA,7
没事,7
CSG,7
物种,7
指挥中心,7
淄博,7
剑客,7
卫生间,7
暂扣,7
岩,7
半旗,7
珠,7
水集,7
国家标准,7
封面,7
怕热,7
买药,7
产下,7
朝鲜,7
烟雾,7
居民楼,7
9002100,7
普特,7
肇东,7
虎门,7
童子,7
武川,7
进化树,7
两院,7
章程,7
宜宾,7
禅城,7
禅城区,7
乌干达,7
干达,7
市县,6
真伪,6
分级,6
防扩散,6
搞,6
三类,6
抓好,6
所辖,6
死者,6
法医,6
两位,6
脏器,6
因果,6
一传,6
打着,6
没想,6
并发症,6
恶化,6
32,6
开辟,6
言者,6
KF94,6
张贴,6
上车,6
增长,6
PCR,6
盘古,6
大观,6
附,6
接送,6
考试,6
定于,6
合并,6
全年,6
审查,6
毒力,6
命令,6
始终,6
控办,6
基层,6
细,6
战争,6
严正,6
公文,6
大师,6
编,6
据介绍,6
填写,6
入社,6
一管,6
有空,6
穿着,6
巴基,6
巴基斯,6
巴基斯坦,6
基斯,6
基斯坦,6
出任,6
垃圾站,6
早于,6
sk5,6
乐陵市,6
追查,6
行进,6
日电,6
得以,6
和文,6
展示,6
提交,6
假借,6
眼科,6
上百,6
发布者,6
一千多,6
售,6
附有,6
丢掉,6
始发,6
石场,6
赠给,6
山路,6
分群,6
以其,6
团结一心,6
长安,6
焦虑,6
教育系,6
勒令,6
突破,6
首支,6
涵盖,6
小分,6
绝不,6
素,6
负面,6
杀菌作用,6
1735,6
武昌,6
武昌区,6
卡车,6
凭证,6
美容,6
口岸,6
旺,6
郭,6
迅速开展,6
该人,6
摆放,6
不停,6
天天,6
视听,6
出具,6
教师,6
远程,6
答辩,6
清华,6
西北,6
中国日报,6
炒作,6
打来,6
针,6
狂犬,6
狂犬病,6
伤风,6
护工,6
耗材,6
原材,6
原材料,6
涨价,6
大幅,6
资质,6
艳,6
明,6
嵩,6
舒服,6
急救车,6
解决,6
石家庄市,6
名家,6
所在单位,6
西门子,6
门子,6
俊,6
妥善,6
县委,6
北京市公安局,6
工期,6
伟,6
单元,6
或有,6
病毒颗,6
呕吐,6
投,6
符合国家,6
进不了,6
上关,6
上进,6
联邦,6
持续时间,6
转录,6
开启,6
摇,6
天上,6
慢,6
燃放,6
运作,6
对着,6
淋,6
波及,6
党组,6
体要,6
路径,6
主义,6
线索,6
清朗,6
直通,6
直通车,6
通车,6
常州,6
宿迁,6
可供,6
监,6
租金,6
损失,6
农村部,6
三部,6
部委,6
有望,6
怎么回事,6
下旬,6
粗略,6
以内,6
枞,6
称赞,6
中生,6
即日起,6
百分之百,6
五个,6
观察期,6
内流,6
信任,6
辐射,6
红色,6
03,6
琪,6
大程,6
大程度,6
从来没,6
拥有,6
探视,6
自驾车,6
中医学,6
高铁,6
回去,6
拥堵,6
赤峰市,6
童,6
荣,6
中南大学,6
大学湘,6
多多,6
好好,6
成交,6
事宜,6
1+1,6
供货商,6
翠,6
芹,6
龙虾,6
反馈,6
病急,6
螃蟹,6
巡逻队,6
按规定,6
保单,6
乱,6
徐州,6
齐齐哈尔市,6
某处,6
往上,6
硕士学位,6
回过,6
清空,6
形势严峻,6
附上,6
伊斯,6
中资,6
中资企业,6
病床,6
病症状,6
大街,6
合发,6
57,6
泸州市,6
迎来,6
街头,6
菜篮,6
菜篮子,6
水桶,6
外层,6
中层,6
若干,6
部会,6
领衔,6
首个,6
药业,6
审评,6
富士,6
换气,6
反,6
邻居,6
南安,6
简易,6
一两,6
常住,6
蓬,6
孔径,6
穿透,6
外套,6
紧缺,6
地表水,6
特别是在,6
稿,6
烧烤,6
烧烤店,6
死于,6
共同努力,6
汉人,6
片区,6
岛,6
大局,6
炮车,6
外环,6
科学技术,6
天津市,6
截取,6
驱邪,6
medRxiv,6
当年,6
坐,6
氧氟沙星,6
支原体,6
店铺,6
有变,6
成品油,6
土方,6
脱下,6
后放,6
封起,6
四五,6
闷,6
有责,6
第七,6
有鼻子有眼,6
少量,6
蒸气,6
靠近,6
最低,6
坐电梯,6
不着,6
常人,6
晋,6
绥化,6
进站,6
外网,6
优良,6
备受,6
上海市政府,6
工作量,6
新闻报道,6
闻报,6
其后,6
慈溪市,6
纸箱,6
总数,6
摄于,6
临近,6
前述,6
命运,6
尊严,6
千龙网,6
配备,6
验放,6
生长,6
打电话,6
耐高温,6
不错,6
胃肠,6
肝脏,6
不足以,6
发病率,6
政法委,6
理化,6
证,6
格式,6
小视,6
小视频,6
睡觉,6
众多,6
辣椒,6
熟,6
酸性,6
毫克,6
初期,6
最初,6
肿瘤,6
元宵,6
厌世,6
棉纱,6
消毒学,6
刀具,6
炒,6
心病,6
饭前,6
细节,6
总台,6
脏,6
舱内,6
载物,6
尼,6
无偿,6
收寄,6
电器,6
门前,6
无心,6
成大,6
烧伤,6
流鼻涕,6
致信,6
上高,6
干线,6
国一,6
年轻,6
乳酸,6
怀孕,6
授权,6
附院,6
翻倍,6
华商网,6
网络警察,6
鲁,6
面部,6
战区,6
旧闻,6
2019nCov,6
越来,6
越来越,6
相当于,6
当于,6
太仓,6
昆山,6
滨海,6
有此,6
集市,6
昌,6
多条,6
温和,6
开诊,6
酒后,6
万金,6
万金油,6
露出,6
英,6
看病,6
BL0535,6
一车,6
省道,6
对过,6
卫生部门,6
加紧,6
解毒,6
肚子,6
地图,6
米面,6
抢,6
硫,6
软件,6
社团,6
粮,6
风口,6
回风,6
一手,6
不安,6
共计,6
客体,6
客机,6
外传,6
卸下,6
追,6
毛,6
超市发,6
数人,6
尚,6
传中,6
借用,6
江夏,6
取暖,6
定有,6
排泄,6
排泄物,6
免疫学,6
演绎,6
手里,6
接管,6
视觉,6
恶心,6
多层,6
刷屏,6
声音,6
履行,6
一句,6
医治,6
方相,6
39,6
不计,6
表态,6
返岗,6
交公,6
基,6
触感,6
柳,6
劝阻,6
拔,6
人造,6
美国防,6
清晰,6
不太可能,6
司法,6
心通,6
国美,6
恩施,6
谷,6
偶尔,6
致命,6
无疑,6
胜利,6
巴南,6
巴南区,6
生于,6
降压,6
降压药,6
方桌,6
五洲,6
方信,6
对策,6
大臣,6
日本政府,6
会主,6
庞德,6
窗口,6
残奥会,6
运动员,6
希腊,6
帕,6
奇,6
卫生部长,6
包河,6
侦查,6
分发,6
袋子,6
垃圾桶,6
拒,6
几分钟,6
安徽省,6
滋事,6
救灾,6
救灾物资,6
峨眉,6
峨眉山,6
眉山,6
护理人员,6
届时,6
季节,6
Paul,6
Cottrell,6
2008,6
较少,6
停放,6
呼吸困难,6
贷款,6
养生,6
体会,6
开头,6
成年,6
须要,6
邱,6
素食者,6
食者,6
瑞金,6
该县,6
毫无关系,6
代购,6
中成,6
细胞因子,6
绥宁,6
途中,6
自首,6
终于,6
感情,6
疯狂,6
照常,6
中考,6
果,6
职责,6
状况良好,6
主页,6
金水,6
密云,6
储备粮,6
中储,6
储粮,6
工厂,6
资格,6
句,6
名录,6
入眼,6
一代,6
风暴,6
三维,6
三维重建,6
一共,6
常来,6
阴影,6
回龙,6
回龙观,6
芝麻,6
柬埔寨,6
逮捕,6
德塞,6
脱逃,6
理光头,6
保鲜,6
体细胞,6
私信,6
类风湿,6
风湿,6
亚大,6
祖,6
延误,6
谨慎,6
姣,6
所长,6
延,6
股份,6
顾,6
儿童医院,6
妈妈,6
厚生,6
味,6
害人,6
闯,6
中表,6
能解,6
买不到,6
喀拉拉邦,6
邦,6
两例,6
干细胞,6
修复,6
总工会,6
夜间,6
嘉,6
利亚,6
界面,6
骑手,6
技术开发,6
技术开发区,6
身亡,6
勇气,6
耽误,6
保卫,6
张湾区,6
湾区,6
酸,6
补,6
堵,6
受试者,6
生发,6
误信,6
而使,6
万科,6
网络安全,6
3A,6
大于,6
ICTV,6
百步,6
百步亭,6
送菜,6
P,6
卡片,6
面罩,6
往下,6
排放,6
水蒸,6
放弃,6
大学教授,6
春,6
新英格兰,6
英格兰,6
淘,6
拍照,6
严肃,6
长队,6
昆明市,6
差距,6
方子,6
邕宁,6
同年龄,6
水厂,6
最少,6
人行道,6
行道,6
也许,6
寿命,6
冻死,6
人员伤亡,6
直传,6
看护,6
果园,6
没人管,6
志海,6
临汾,6
各门,6
东港,6
e,6
房屋,6
翻译,6
彭博社,6
丧尸,6
岚皋,6
岚皋县,6
阳泉,6
gp120,6
227,6
湘阴县,6
汉科,6
辆,6
兴文县,6
文县,6
区县,5
县区,5
复生,5
不正,5
较重,5
各县,5
前一天,5
周二,5
出版,5
学系,5
之处,5
器,5
台湾,5
没想到,5
路线,5
3M,5
处分,5
防护物,5
透气,5
兜售,5
备用,5
据查,5
立,5
京朝,5
党中央,5
第一位,5
服从,5
自治区,5
大连市,5
南路,5
连人,5
第二十五,5
第二十五条,5
二十五,5
二十五条,5
十五条,5
五条,5
某行,5
下达,5
松懈,5
一体,5
正声,5
分阶段,5
原图,5
替换,5
韩亚,5
亚航,5
中外,5
外籍人士,5
双流,5
检测点,5
龙泉,5
新都区,5
崇州,5
如实,5
该国,5
洁净,5
载有,5
学农,5
支援前线,5
报报,5
奔赴,5
天门市,5
主群,5
行情,5
倾倒,5
治安拘留,5
公务车,5
贯彻落实,5
人大常委会,5
营利,5
原主,5
寄递,5
文书,5
受理,5
审核,5
滥用,5
上吊自杀,5
匮乏,5
抓紧,5
心态,5
散播谣言,5
驳回,5
后去,5
越多,5
恶作剧,5
乱跑,5
农,5
进货,5
批发,5
漯河,5
案,5
证书,5
违法犯罪,5
责令,5
赶赴,5
对口,5
不收,5
甲,5
漏诊,5
岗位,5
物类,5
伤寒,5
溶剂,5
爆满,5
住地,5
聚会,5
这方,5
这方面,5
驾驶证,5
分数,5
免交,5
分工,5
自费,5
面向,5
溯源,5
省委常委,5
检察,5
老师,5
吐,5
跟进,5
宅,5
配上,5
旗号,5
混淆视听,5
困扰,5
跟踪,5
实属,5
留意,5
创业,5
备案,5
业大,5
2500,5
分批,5
帮,5
具体情况,5
破伤风,5
情结,5
业已,5
几十家,5
十家,5
公司员工,5
司员,5
军医,5
罚,5
桐柏,5
家住,5
可想,5
牡丹江,5
丹江,5
分清,5
甲醛,5
于此,5
排到,5
告诫,5
增多,5
六口,5
病疫,5
招远市,5
莲湖,5
悦,5
职业,5
访友,5
高小,5
北去,5
北京晚报,5
吕,5
亲友,5
单向,5
物资供应,5
蚊子,5
眼结膜,5
诺,5
健康人,5
生姜,5
对话,5
庞,5
星火,5
车里,5
交换,5
组合,5
肝病,5
购,5
小程,5
北地,5
宜,5
民需,5
下单,5
哪种,5
燃放烟花,5
摄影,5
摄影师,5
早日,5
亲人,5
超敏,5
超敏反应,5
气味,5
类别,5
国家森林公园,5
三万,5
果无,5
校,5
创新,5
中央电视台,5
逝世,5
分辨,5
视频流,5
同源性,5
穿山甲,5
山甲,5
感性,5
金融街,5
大楼,5
高级人民法院,5
不经,5
栅栏,5
界,5
培养,5
活疫苗,5
小鼠,5
山西省,5
辽宁省,5
灾难,5
紧急措施,5
首篇,5
海淀区,5
淀区,5
观察点,5
滨江,5
龙城,5
种族,5
收集,5
一道,5
装上,5
副部长,5
最快,5
预案,5
敬请,5
首要,5
近几天,5
体制,5
再加,5
化工,5
年来,5
禽流感,5
亲属,5
全区,5
并要,5
发起,5
番禺,5
发上,5
活力,5
院里,5
感动,5
交付,5
自贡,5
自贡市,5
摸排,5
转成,5
毒素,5
精,5
致癌,5
杀人,5
至此,5
没关,5
没关系,5
网文,5
以此,5
发稿,5
居然,5
蒙,5
坐在,5
仓,5
群友,5
翁,5
一员,5
锦,5
亭,5
方平,5
噬菌体,5
裂解,5
广谱性,5
一日,5
类食品,5
旅居,5
缴纳,5
1200,5
伊斯坦布尔,5
布尔,5
不见,5
先是,5
姓,5
入驻,5
之际,5
打穿,5
转往,5
苏州工业园区,5
通用,5
脑,5
院门,5
十几,5
橘子,5
内科主任,5
内层,5
一个名,5
不仅仅,5
病程,5
对照组,5
伯,5
理工,5
城市公交,5
限于,5
后继,5
聚合,5
同属,5
化器,5
滤掉,5
汤阴,5
北街,5
姑,5
北关,5
日常生活,5
医管局,5
常住人口,5
三口,5
环境污染,5
植被,5
淡水,5
益处,5
漏水,5
该员,5
恶性,5
中国人民银行,5
通量,5
天全,5
同行者,5
外来人,5
外来人员,5
网格化,5
配戴,5
复旦,5
复旦大学,5
娴,5
港区,5
高三,5
莫,5
出炉,5
会长,5
烟草行业,5
草行,5
推销,5
作出反应,5
吸烟史,5
三分,5
三分之二,5
之二,5
无视,5
死亡率,5
早已,5
音频,5
恐惧,5
违反,5
屠宰场,5
歇业,5
发紧,5
品质,5
保供,5
大庆,5
街面上,5
核对,5
固定,5
二维,5
眼药,5
眼药水,5
衣原体,5
同于,5
擦,5
蛇,5
家畜,5
宿舍,5
情牵,5
暂缓,5
本官,5
H1N1,5
寒假,5
600,5
石化,5
渝,5
油,5
二月,5
气候变化,5
脚底,5
自救,5
关中,5
粉,5
叠,5
箱内,5
盖子,5
洗衣,5
以利,5
央,5
面会,5
大意,5
避开,5
火源,5
暖气,5
阳光,5
不轻,5
关键期,5
几日,5
语音,5
震惊,5
向上,5
两百,5
视频网,5
款,5
查找,5
110,5
蒙古族,5
回乡,5
过火,5
烧着,5
正品,5
火,5
可燃性,5
伪劣,5
菌类,5
当作,5
方药,5
流用,5
第二天,5
二天,5
生态园,5
一会,5
底线,5
3000035000,5
卫星,5
江苏网,5
蒸发,5
光谷,5
憋气,5
秒钟,5
无意,5
急促,5
算了,5
亚华,5
几下,5
禁止入,5
非上,5
伙伴,5
外侧,5
不严,5
而要,5
排,5
自带,5
生怕,5
诉诸,5
诸法,5
荣誉,5
上海海关,5
海海,5
发育,5
达菲,5
上门,5
咽喉炎,5
喉炎,5
猖獗,5
够用,5
热感,5
所含,5
充满,5
循证,5
营业点,5
炫耀,5
查无,5
出处,5
采取措施,5
研究成果,5
均衡,5
指望,5
无相,5
勤,5
鉴别,5
加速,5
过强,5
詹,5
体力,5
能取,5
削皮,5
炒熟,5
过后,5
从今天起,5
八点,5
封号,5
光滑,5
澳洲,5
动人,5
CZ634,5
货舱,5
国航,5
爆燃,5
而有,5
反过,5
浅色,5
小磨,5
普渡,5
普渡大学,5
效死,5
常会,5
助人,5
虫媒,5
流涕,5
母猪,5
崽,5
再上,5
认准,5
使用者,5
乳酸菌,5
查出来,5
发不,5
代为,5
误以为,5
小型,5
小型汽车,5
金阳,5
着手,5
空军,5
泡,5
照说,5
溶液,5
固体,5
冷冻室,5
意图,5
四例,5
连日来,5
续保,5
持,5
水务,5
发生变化,5
棉布,5
单纯,5
染患,5
中男,5
光华,5
点检,5
中医药大学,5
拉肚子,5
江南,5
边上,5
空,5
调货,5
跟不上,5
写道,5
法新社,5
甜,5
公公,5
捐物,5
防城港市,5
玉林,5
玉林市,5
市石,5
石峰区,5
果在,5
旅行社,5
行社,5
东站,5
前些,5
前些天,5
国本,5
省际,5
专,5
服刑,5
毒酒,5
该局,5
蒸,5
桑拿,5
酸菜,5
首发,5
海关总署,5
湖北日报,5
不报,5
南通市,5
中新网,5
性质,5
并不一定,5
读卖,5
儿媳,5
市上,5
细胞膜,5
胞膜,5
染有,5
发生率,5
以讹传讹,5
讹传,5
传讹,5
离职,5
威胁,5
寄生,5
换,5
55,5
吓人,5
欧洲,5
军事,5
潘,5
刑拘,5
弱阳性,5
化验,5
旧,5
东营,5
加州,5
无明,5
差不多,5
法部,5
刑期,5
牵头,5
刑,5
不服,5
起至,5
黄冈市,5
公,5
披露,5
缺席,5
采样,5
隆,5
三里,5
心脏,5
在位,5
蜂,5
义,5
日本国,5
本国,5
如期,5
赛事,5
纳,5
辱骂,5
税务局,5
立案,5
一期,5
国境,5
坐地,5
坐地铁,5
夫人,5
新村,5
栏杆,5
出入证,5
翻墙,5
不支,5
上报,5
行程,5
引用,5
地球,5
堵截,5
钛,5
拟合,5
细看,5
些微,5
水银,5
央行,5
LPR,5
放出,5
预期,5
弱,5
遭,5
品牌,5
脸部,5
久,5
第一步,5
空滤,5
女司机,5
未成,5
未成年,5
强制措施,5
汪,5
集,5
价值,5
五名,5
捡,5
算,5
电气,5
实证,5
年份,5
血液循环,5
邵,5
打麻将,5
所属,5
分子式,5
子式,5
有误,5
修改,5
很严,5
本文,5
隐患,5
录取,5
地铁票,5
铁票,5
工伤,5
转院,5
明白,5
美丽,5
疗,5
条规,5
高安,5
阿根,5
阿根廷,5
根廷,5
答复,5
过手,5
巍,5
抖,5
多样,5
波动,5
改正,5
不满,5
夫妻,5
禁食,5
餐具,5
播到,5
订购,5
可取,5
三代,5
造出,5
不对,5
平,5
纤维化,5
尽早,5
纪录,5
纪录片,5
头条,5
动用,5
医院船,5
民和,5
十堰市,5
点燃,5
算是,5
却是,5
卫生学,5
芝麻油,5
麻油,5
书上,5
洪森,5
轨道,5
日内瓦,5
睡,5
匿名,5
餐厅,5
职员,5
祥,5
西藏,5
名护,5
纱布,5
胜,5
内侧,5
脏污,5
瑛,5
淮北市,5
情节,5
关节炎,5
临床实验,5
坏死,5
白细胞,5
中学,5
侨胞,5
病因,5
并不需要,5
来源不明,5
去除,5
医疗费,5
继发,5
谈,5
源头,5
安心,5
八名,5
官方消息,5
萧山区,5
约合,5
竭尽,5
横滨,5
工人员,5
超声,5
还给,5
时代,5
栖霞,5
尧,5
可怕,5
天网,5
益阳,5
好处,5
不确定性,5
厨,5
网名,5
明显好转,5
复合物,5
两条,5
IgG,5
埃及,5
外销,5
停诊,5
团,5
军令,5
军令状,5
令状,5
周刊,5
德阳市,5
上图,5
病源,5
公务用车,5
咳嗽药,5
中草药,5
准确性,5
2005,5
肝炎,5
这时候,5
水肿,5
菌液,5
景点,5
致敬,5
爱,5
发酵液,5
毒杀,5
摆,5
日经,5
锁定,5
阻碍,5
单链,5
上缴,5
名额,5
陌生,5
猴,5
募集,5
刮,5
两万,5
工资待遇,5
取款,5
取款机,5
住宅,5
普陀,5
普陀区,5
粒子,5
蓝,5
不止,5
近两天,5
淄博市,5
小球,5
獭,5
富士康,5
后期,5
洒,5
公厕,5
五百元,5
百元,5
十大,5
锦州,5
一出,5
错误信息,5
到访,5
阿坝,5
排长,5
排长队,5
常太镇,5
兜底,5
385,5
新塘,5
多起,5
法制,5
降半旗,5
完全符合,5
加湿,5
加湿器,5
大颗,5
兴旺,5
周至,5
出警,5
刑法,5
多辆,5
烧毁,5
新能源,5
沃,5
几万,5
接警,5
直感,5
训练,5
下接,5
水蒸气,5
调用,5
调度,5
起病,5
引爆,5
无华,5
指战员,5
市营,5
城关,5
隆安,5
诏安,5
诏安县,5
对数,5
天使,5
东莞,5
菏泽,5
洲,5
雪花,5
趁虚而入,5
坳,5
河北大学,5
克立,5
好消息,5
温升高,5
基因突变,5
插入物,5
暂免,5
影视剧,5
年度报告,5
急救包,5
东坑,5
双鸭山,5
发信,5
江门,5
寿光,5
城市交通,5
运管,5
甸,5
西班牙,5
薄荷,5
义乌市,5
乌市,5
垫江,5
大罢工,5
罢工,5
116,5
尤文图,5
尤文图斯,5
图斯,5
U23,5
月末,5
中餐,5
江安,5
河区,4
大类,4
等级分,4
等级分类,4
梳理,4
施,4
内防,4
外防,4
一刀,4
一刀切,4
刀切,4
云南省,4
中风,4
四类,4
所在区,4
不攻自破,4
航空港,4
空港,4
缺氧,4
百多,4
更具,4
特意,4
不早,4
查阅,4
病亡,4
经由,4
周一,4
68,4
聚焦,4
因果关系,4
注重,4
黏液,4
病人数,4
令人,4
用心,4
拿来,4
染疾,4
城阳区,4
误传,4
出勤,4
104,4
签字,4
行车,4
购置,4
集团公司,4
行时,4
扫,4
分散,4
站立,4
前不久,4
指尖,4
采血,4
肉眼,4
适用范围,4
用途,4
常备,4
专用设备,4
外交部,4
航空公司,4
国防部,4
经国,4
下半,4
一并,4
直辖,4
直辖市,4
南苑,4
经审查,4
凭空,4
凭空捏造,4
家法,4
鞋底,4
空旷,4
大关,4
从严,4
外区,4
一体化,4
通畅,4
套用,4
上饶,4
上饶市,4
校外,4
严正声明,4
科室,4
换成,4
上当,4
受骗,4
申报表,4
崇州市,4
去往,4
控管,4
统一安排,4
防尘,4
治理,4
大城,4
大城市,4
没能,4
特区报,4
倒入,4
染,4
窦,4
法网,4
九江市,4
限定,4
申明,4
杜绝,4
楼房,4
江岸区,4
岸区,4
巡警,4
来往,4
桥面,4
调取,4
站下,4
步行,4
小池,4
警民,4
可选,4
百次,4
赶紧,4
5000,4
执照,4
所述,4
某国,4
山上,4
留言,4
堆满,4
小白菜,4
答,4
不下,4
民居,4
小路,4
湾子,4
一堆,4
常有,4
恳请,4
主观臆断,4
臆断,4
送给,4
保证书,4
澄清事实,4
直,4
管城,4
孟,4
理成,4
剪,4
同心,4
协力,4
出首,4
中西,4
中西医,4
护理学,4
出入境,4
中年,4
硫化物,4
矿物,4
白喉,4
脂溶剂,4
已定,4
要强,4
居所,4
特别注意,4
始建,4
没接,4
公益,4
人力不足,4
鹰,4
零钱,4
页面,4
市委书记,4
培,4
上网,4
谋划,4
依托,4
会会,4
清华大学,4
香港政府,4
香港特区,4
香港特区政府,4
特区政府,4
谣言止于,4
止于,4
智者,4
事务,4
研究院,4
刚才,4
四种,4
嘴,4
友,4
发贴,4
人工成本,4
幅度,4
上涨,4
不详,4
利用光,4
用光,4
活性氧,4
如在,4
分地,4
遭受,4
调侃,4
不合,4
来回,4
街上,4
定向,4
大河,4
口感,4
莲湖区,4
享,4
切实做好,4
合做,4
E,4
短暂,4
玉,4
来京,4
毒死,4
有货,4
加氯,4
日均,4
用量,4
主流,4
卫生标准,4
降温,4
乙肝病毒,4
寄到,4
国标,4
厂商,4
天将,4
家乡,4
全社,4
过氧化,4
环氧,4
环氧乙烷,4
乙烷,4
季,4
分餐,4
自诉,4
第二次,4
多项,4
深刻,4
改革,4
点击,4
蹭,4
关联,4
理智,4
威信,4
同地,4
荧光,4
意下,4
跑出去,4
民营,4
名人,4
出走,4
用电,4
关卡,4
科技厅,4
难题,4
阶段性,4
mRNA,4
电镜,4
全长,4
房租,4
政府办,4
牛蛙,4
情真,4
估量,4
副司长,4
锋,4
无端,4
迷惑,4
皆,4
战士,4
天大,4
尽收,4
短缺,4
统计数据,4
杭州网,4
种种,4
低下,4
纽约,4
玛丽,4
医学部,4
定人,4
交,4
白内障,4
内障,4
波长,4
红光,4
微波,4
精确,4
490,4
妆,4
想法,4
试图,4
吸进,4
噱头,4
品种,4
十个,4
卫生机构,4
生机,4
中和,4
问世,4
清醒,4
明智,4
停摆,4
硕,4
某部,4
45,4
宏,4
买票,4
管委会,4
站场,4
候,4
洗头,4
外部,4
谎报,4
比如说,4
甲类,4
易燃物,4
完工,4
中职,4
积极响应,4
节目,4
目中,4
体,4
贝类,4
尿素,4
人生,4
数年,4
弄,4
从没,4
注,4
蟹,4
得不偿失,4
鲶鱼,4
为生,4
言说,4
手法,4
又称,4
初中,4
宣传科,4
禁,4
抓住,4
人居,4
笑,4
内地,4
地上,4
门人,4
这项,4
徐州市,4
造谣言,4
中长,4
D11,4
拉运,4
存栏,4
和谐,4
接收单位,4
运走,4
二楼,4
226,4
精神科,4
交班,4
制服,4
收归,4
国家中医药管理局,4
373,4
手头,4
充气,4
门诊部,4
舅舅,4
老公,4
用以,4
微粒,4
桂林市,4
自编,4
研讨,4
新用,4
攻关组,4
抗疟,4
退热,4
担任,4
礼,4
成效,4
多天,4
关爱,4
江干,4
海正药业,4
维拉,4
药理,4
评议,4
发挥作用,4
广谱抗,4
净化器,4
定能,4
红旗区,4
鞋子,4
据称,4
不慎,4
食道,4
胃酸,4
因其,4
净,4
临沂市,4
抗静电,4
留给,4
生态环境,4
漂白,4
污水,4
臭氧,4
有损,4
损毁,4
适度,4
浙江省政府,4
绍兴,4
失去活力,4
雪天,4
城乡,4
未交,4
维修,4
中兴,4
兴南,4
非分,4
新进展,4
降,4
害怕,4
几千,4
随访,4
凉水,4
恶性案件,4
改头换面,4
营造,4
开放式,4
车道,4
管理条例,4
同有,4
严峻形势,4
证照,4
齐全,4
车外,4
村干部,4
埸,4
中散,4
形态,4
中华医学会,4
横,4
晚间,4
何人,4
受过,4
恢复期,4
鼓吹,4
不能同意,4
回顾性,4
放射学,4
理上,4
137,4
肉制品,4
关门歇业,4
应有,4
畜禽,4
鄠,4
二维码,4
摘下,4
外省人,4
请假,4
透明,4
同温,4
尚不明,4
安排表,4
排表,4
限量,4
石油,4
油库,4
脱销,4
二郎,4
节前,4
敷,4
脱下来,4
洗衣服,4
慌张,4
第八,4
无所,4
满天,4
满天飞,4
东县,4
起爆,4
点火,4
发火,4
一中,4
进出口,4
轨迹,4
可随,4
遇,4
黄陂,4
断口,4
保健食品,4
正常人,4
处方药,4
天时,4
异味,4
复利,4
生过,4
离地,4
傍晚,4
橘子洲,4
子洲,4
没变,4
永州,4
宁远,4
宁远县,4
下载,4
轻度,4
PM25,4
合理安排,4
两日,4
被盗,4
汉方,4
尔顿,4
一个通,4
盗窃,4
领队,4
十秒,4
喘,4
啰,4
偏方,4
刺鼻,4
较严,4
传起,4
江宁路,4
传播方式,4
护手,4
乳汁,4
婴幼,4
婴幼儿,4
生长发育,4
品名,4
健康状况,4
便当,4
饮,4
阎,4
热性,4
尽量避免,4
县内,4
苗,4
列出,4
严谨,4
策发,4
治好,4
层面,4
水流,4
核心,4
性气体,4
如洗,4
平衡,4
功率,4
取下,4
庆元,4
活动量,4
动量,4
疲劳,4
误会,4
元宵节,4
季梁,4
佳园,4
主家,4
三岁,4
纸片,4
抛撒,4
交警支队,4
烧熟,4
切菜,4
切菜板,4
菜板,4
群主,4
不解,4
晚八点,4
看中,4
嘉兴,4
返航,4
白云,4
白云山,4
云山,4
购票,4
前舱,4
后半,4
音乐,4
禁售,4
电商,4
架,4
半,4
运力,4
多万,4
青壮年,4
壮年,4
中老年人,4
仇,4
追杀,4
逐日,4
增大,4
棉签,4
生物系,4
阻止不了,4
常饮,4
不强,4
未遂,4
逃窜,4
汽油,4
恢复过来,4
乙型,4
受寒,4
咳痰,4
海陆,4
海陆空,4
苗头,4
木,4
设计师,4
顾问,4
抵御,4
先前,4
年轻人,4
过敏反应,4
运营商,4
营商,4
强化措施,4
离世,4
哀悼,4
东北,4
通指,4
指示灯,4
一路,4
随身,4
随身携带,4
短信内容,4
早晨,4
碰到,4
播撒,4
液,4
翻出,4
所称,4
去掉,4
邰,4
朗,4
胡乱,4
饭菜,4
张家口市,4
辛集,4
辛集市,4
蹲点,4
督战,4
方口,4
果品,4
激烈,4
148,4
英雄,4
多部,4
山人,4
102,4
实际行动,4
不行,4
不起作用,4
一眼,4
倒下,4
耐药,4
药性,4
棉,4
不知去向,4
通国,4
国省道,4
身份证件,4
1890,4
具体措施,4
暂停营业,4
过早,4
胶囊,4
庭,4
据调查,4
点位,4
入超,4
鲜果,4
超市货架,4
硫磺,4
学组,4
英语,4
苏拉,4
苏拉威,4
苏拉威西,4
方为,4
捐款捐物,4
全封闭,4
千辆,4
通行无阻,4
无阻,4
车次,4
敞口,4
盘管,4
每周,4
贸然,4
平行,4
名词,4
太严,4
无力,4
胃肠道,4
全部打,4
交由,4
为名,4
派来,4
传入,4
停过,4
公安厅,4
深,4
车流,4
车流量,4
路地,4
宁夏,4
一子,4
死体,4
厚,4
网点,4
三亚,4
I,4
能开,4
XXX,4
半小时,4
草鱼,4
121,4
妥,4
划为,4
外相,4
汉江,4
吕梁,4
室温,4
分支,4
自然界,4
nCoV,4
窘迫,4
休克,4
肌肉,4
辅助,4
在手,4
照顾,4
触动,4
照护,4
吐痰,4
锻炼,4
酌情,4
禽肉,4
两码,4
两码事,4
日语,4
拼接,4
忽悠,4
感染期,4
早隔离,4
走亲访友,4
从中,4
血清,4
过年,4
十八,4
癌症,4
日本社,4
本社,4
外包,4
已将,4
海沧,4
工地,4
免受,4
一封,4
美军,4
大酒店,4
更正,4
读者,4
此种,4
再来,4
署,4
三甲,4
拒不,4
不配,4
经检测,4
通气,4
阻力,4
不畅,4
开工,4
大流,4
群聚,4
密度,4
司法部,4
东城区,4
怡,4
运至,4
市级,4
虹,4
宣恩,4
宣恩县,4
水利,4
利水,4
水产局,4
贪污,4
上诉,4
财,4
取得联系,4
第一支,4
一开,4
古,4
未能,4
扩建,4
羊城,4
二三里,4
重病,4
靶点,4
一味,4
报信,4
来访,4
调研,4
临安,4
视频会议,4
寅,4
果因,4
年内,4
异地,4
仪式,4
火炬,4
公里,4
冬奥,4
驻华,4
驻华大使,4
华大使,4
村委会,4
雷山,4
无人管,4
皂,4
躲,4
疫源地,4
鲜食,4
南桥,4
发帖人,4
身着,4
口角,4
某君,4
退休,4
圩,4
正门,4
翻,4
铁栏,4
插进,4
字眼,4
预警,4
851,4
称之为,4
之为,4
高楼,4
手中,4
四条,4
西马,4
一栋,4
患上,4
政党,4
投票,4
访问,4
保守,4
季节性,4
柳叶刀,4
冬天,4
攀钢,4
供不应求,4
线人,4
约翰,4
可查,4
估算,4
算出,4
不住,4
博士学位,4
好几个,4
点点,4
说服,4
促销,4
国交,4
服人,4
整车,4
利率,4
年期,4
住房,4
经济日报,4
嘴巴,4
警报,4
搭配,4
模具,4
吸到,4
汽,4
油性,4
标准规,4
标准规定,4
微小,4
拖下,4
嫩江,4
捐,4
放过,4
万例,4
养成,4
瑞金市,4
该事,4
兰州市,4
周末,4
原虫,4
卖场,4
鹅,4
气,4
实证化,4
基础理论,4
图书,4
图书馆,4
书馆,4
议论,4
忽略,4
寨,4
毛细,4
肺脏,4
掉,4
日产,4
滤过,4
环中,4
浐,4
灞,4
绥宁县,4
送检,4
运输车,4
安慰,4
抬,4
桌,4
四环,4
四环素,4
立场,4
投诉,4
强迫,4
批次,4
交通卡,4
通卡,4
信用,4
曝光,4
凤凰,4
电新,4
华夏,4
的士,4
杜撰,4
流言,4
友谊,4
友谊医院,4
门急诊,4
望江,4
遥远,4
270,4
瑞,4
深表,4
够吃,4
我省,4
政策性,4
荆门,4
所得,4
一分,4
资金,4
机率,4
舟山,4
住所,4
卫视,4
置于,4
防范措施,4
四代,4
啃噬,4
叶,4
氧化碳,4
化碳,4
两张,4
杀敌,4
病灶,4
减低,4
看着,4
传播网,4
行销,4
日头,4
起飞,4
一架,4
61,4
特征分析,4
样本量,4
研究者,4
纪律,4
罗甸,4
方今,4
回笼,4
发行,4
正好,4
货币,4
白天,4
伤,4
前身,4
推到,4
丧生,4
遍,4
艺术,4
推下,4
匿名举报,4
厦门市,4
传播速度,4
谈不上,4
理发,4
保鲜膜,4
据说,4
吸水,4
高压,4
选用,4
商场,4
播散,4
进餐,4
呼吸器,4
面型,4
送风,4
创造,4
南湘,4
面皮,4
烫面,4
报案,4
分明,4
kg,4
糖基,4
海外侨胞,4
外侨,4
自发,4
行相,4
情变,4
摘帽,4
停航,4
对了,4
餐食,4
相继,4
研究组,4
华裔,4
自由基,4
对付,4
访谈,4
躺,4
驼,4
勒,4
痕,4
研制成功,4
划在,4
分子结构,4
子结构,4
挖,4
水源,4
渗透,4
院本,4
殡葬,4
首,4
包车,4
竭尽所能,4
下船,4
黄色,4
推动,4
扔,4
超声波,4
声波,4
成对,4
伤人,4
不利于,4
巴黎,4
栖霞区,4
家庭成员,4
334,4
大巴,4
当做,4
比起,4
有致,4
沅江,4
二重,4
停车场,4
车场,4
三名,4
掌控,4
之中,4
辅,4
世达,4
糖,4
建委,4
卫生防护,4
新版,4
一发,4
有害物,4
有害物质,4
不理,4
RTPCR,4
上汽,4
通用五菱,4
股份公司,4
出气,4
颁布,4
中招,4
永福,4
公社,4
快报,4
越南盾,4
方正,4
南中,4
酸痛,4
14840,4
正视,4
联播,4
竟然,4
秘书,4
秘书长,4
筹集,4
常见病,4
举,4
素有,4
infection,4
继,4
县政,4
县政府,4
县城,4
时值,4
三氯,4
菌肥,4
绝大部分,4
108,4
铵,4
早就,4
Rhizoma,4
干扰素,4
诱导,4
herbal,4
a,4
virus,4
Med,4
双盲,4
流行性,4
貂,4
一行,4
征收,4
旅,4
风景,4
风景区,4
大陆,4
差别,4
一遍,4
逃避,4
鸟类,4
病历,4
红梅,4
梅里,4
潢川,4
潢川县,4
拉萨,4
首选,4
赠款,4
wwwtoutiaocom,4
实相,4
急运,4
奄奄,4
奄奄一息,4
一息,4
毒,4
记忆,4
III,4
谈及,4
号码,4
从小,4
生命体,4
纠纷,4
住宅小区,4
自重,4
全年龄,4
科学学,4
ClO,4
一般来说,4
有毒气体,4
股骨,4
股骨头,4
骨头,4
张文宏,4
虽有,4
g,4
肺水肿,4
假设,4
防护性,4
大夫,4
带回,4
华工,4
半岛网,4
吃香,4
莆田市,4
中医师,4
农业大学,4
焕,4
挂,4
大便,4
01,4
福清,4
胎盘,4
终止,4
口误,4
东南大学,4
海波,4
生生,4
生前,4
舞者,4
变种,4
孔隙,4
陌生人,4
偷跑,4
宝宝,4
摄入,4
M13C33,4
洗浴,4
私处,4
乐,4
延时,4
关在,4
毒物,4
补办,4
凌,4
零陵,4
铺,4
湖南日报,4
防渗,4
同年龄组,4
此病,4
死掉,4
政,4
雅,4
浩,4
煮饭,4
昏倒,4
救,4
拉尼,4
游轮,4
得空,4
大影,4
浦,4
三院,4
啪啪,4
打雪仗,4
雪仗,4
耐,4
口说,4
两家,4
法制报,4
制报,4
总公司,4
新报,4
正北,4
正北方,4
北方网,4
报仇,4
亲,4
持刀,4
这本,4
四点,4
杀伤力,4
伤力,4
淡水鱼,4
水鱼,4
天津经济技术开发区,4
误认,4
误认为,4
频信,4
等同,4
安新,4
男主人,4
安宁,4
墩,4
迎接,4
公司老总,4
老总,4
W,4
Lipkin,4
隆安县,4
县民,4
西海,4
西海岸,4
海岸,4
户口本,4
几次,4
史者,4
之父,4
两宗,4
夫妇,4
四季,4
Oseltamivir,4
Lopinavir,4
Ritonavia,4
宫官,4
华尔街,4
华尔街日报,4
明后,4
南丹县,4
胶东,4
峄城,4
峄城区,4
R0,4
做起,4
牡丹区,4
肇东市,4
桦甸,4
桦甸市,4
村村,4
砌,4
华盛,4
华盛顿,4
华盛顿州,4
新药,4
中成药,4
成药,4
椒江,4
东路,4
免征,4
荔枝,4
每户,4
下山,4
饿,4
喂食,4
国家邮政局,4
邮政局,4
吊销,4
水上,4
涉水,4
更改,4
歪曲事实,4
旅游业,4
游业,4
监护,4
监护室,4
施甸,4
毛质,4
介绍信,4
江门市,4
1286,4
虹桥,4
珠海,4
珠海市,4
葫芦,4
绵阳,4
走访,4
贺州,4
闫,4
泡腾片,4
废,4
薄荷脑,4
桉油,4
闯红灯,4
作坊,4
牌照,4
憨,4
符,4
白醋,4
移民,4
建国,4
国宾,4
国宾馆,4
球员,4
青瓦,4
青瓦台,4
当选,4
周岁,4
ID,4
中餐馆,4
中经,4
险情,4
危险物,4
信息网络,4
下有,4
三峡,4
物流园,4
二年,4
二年级,4
受贿,4
泽,4
筠,4
一斤,4
经纬,4
赵雨润,4
雨润,4
各市县,3
态势,3
部将,3
第十四,3
起码,3
借鉴,3
较早,3
省会,3
实验区,3
登封,3
上街区,3
街区,3
死因,3
一百,3
点出,3
指责,3
周五,3
法医学,3
尸体解剖,3
率先,3
性反应,3
荒谬,3
负压,3
现时,3
称呼,3
竟,3
不治,3
少部分,3
轻型,3
责,3
可视,3
起因,3
大众网,3
危及,3
市南,3
渐增,3
昕,3
可判,3
围上,3
单价,3
优惠,3
议定,3
一数,3
中韩,3
力所能及,3
承诺书,3
高等,3
指示精神,3
征兵,3
工作服,3
精力,3
征集,3
新兵,3
在工作中,3
大商,3
两起,3
大连人,3
第一项,3
每位,3
几种,3
严管,3
道里区,3
道外区,3
南岗,3
南岗区,3
岗区,3
香坊,3
香坊区,3
服务站,3
在此期间,3
不松,3
人民战争,3
铜,3
局所,3
所涉,3
展线,3
替换成,3
上当受骗,3
中小学校,3
小学校,3
OZ323,3
82,3
蓉,3
填报,3
登机,3
组人,3
飞行,3
机位,3
停靠,3
该机,3
性能,3
微细,3
传输,3
服装,3
穿过,3
鸭子,3
绍,3
尴尬,3
特大,3
特大城市,3
深圳特区,3
汇集,3
精兵,3
精兵强将,3
强将,3
家小,3
好玩,3
一生,3
齐鲁晚报,3
璐,3
全面禁止,3
陆生,3
动配合,3
注销,3
猎捕,3
行政许可,3
申请人,3
非法交易,3
顶上,3
区外,3
外观,3
穿戴,3
装备,3
时间段,3
温馨,3
商标局,3
商标注册,3
眼科医生,3
前段,3
西单,3
城门,3
城门口,3
越多越,3
越多越好,3
至多,3
通州,3
驻马店,3
马店,3
专供,3
外援,3
卖完,3
库房,3
卖出,3
不通,3
居民区,3
国会,3
塑料袋,3
随意发,3
携手,3
攻坚,3
107,3
编辑,3
各科,3
悔过,3
犯罪行为,3
罪行,3
学前,3
校园,3
忘,3
冒充,3
引来,3
新科,3
主治,3
全院,3
小分队,3
分队,3
队内,3
平头,3
同心协力,3
破,3
翔,3
总站,3
成绩,3
心理治疗,3
艾叶,3
苍术,3
白芷,3
烟熏,3
结核杆菌,3
伤寒杆菌,3
居住地,3
住居,3
误读,3
推行,3
内分,3
累积,3
钱包,3
提现,3
国用,3
川南,3
执法官,3
法官,3
角度看,3
暴涨,3
据统计,3
北京警方,3
查获,3
2700,3
兴国,3
上课,3
槽,3
实则,3
不胫而走,3
大肆,3
原本,3
筹谋,3
生就,3
送审,3
评定,3
事务部,3
一针,3
投放市场,3
截,3
荣军,3
接受国,3
天黑,3
明珠,3
观光,3
省市区,3
改换,3
河,3
紧邻,3
南方日报,3
当下,3
出诊,3
369,3
多钟,3
可想而知,3
步行街,3
我家,3
所见,3
民为,3
无用,3
非洲,3
道,3
散居,3
苯乙,3
乙腈,3
时会,3
独居,3
袭,3
信管,3
病疫情,3
其妻,3
中共,3
调解,3
接报,3
人质,3
399,3
安北,3
为题,3
娄底,3
涟源,3
信息化,3
工时,3
人治,3
闭环,3
绿,3
有效证件,3
串门,3
排水,3
免水,3
皂洗,3
止,3
杨桃,3
叶子,3
传统医学,3
臆测,3
解禁,3
水里,3
平常,3
消耗,3
搭帐篷,3
门外,3
监测网,3
供述,3
俄罗斯联邦,3
遗传物质,3
要素,3
块钱,3
签,3
汉地,3
灯光,3
没到,3
电脑,3
过敏原,3
原产,3
有时候,3
起效,3
丁,3
张家界市,3
网游,3
三万多,3
调,3
开道,3
习近平,3
总书记,3
重要讲话,3
坚定,3
共济,3
时调,3
国主,3
模式,3
编写,3
国教,3
切实加强,3
查房,3
源自,3
专栏,3
阻塞,3
阻塞性,3
造,3
切莫,3
提供线索,3
51,3
85,3
年龄段,3
金存,3
右,3
冲水,3
全防,3
旭,3
130,3
不经意,3
经意,3
外省市,3
拆除,3
设区,3
市际,3
开行,3
扬州,3
淮安,3
盐城,3
腺病毒,3
攻克,3
专项,3
改进,3
扩增,3
项,3
清单,3
瑜,3
二级,3
贵州省,3
四级,3
单显,3
被禁,3
中新社,3
现阶段,3
修正,3
前方,3
临床医学,3
高点,3
单日,3
无中生有,3
无非,3
热度,3
周密,3
收费处,3
施为,3
应收,3
村庄,3
基础医学,3
敏感性,3
原发,3
段子,3
电路,3
性比,3
反射,3
有伤,3
南平,3
细化,3
859,3
制裁,3
北京市教委,3
广州地区,3
中华预防医学会,3
完全相同,3
仅限,3
击退,3
耐心,3
在世,3
已然,3
有假,3
嫌,3
匹配,3
初衷,3
取自,3
五花,3
五花八门,3
八门,3
京都,3
近年,3
近年来,3
见到,3
买单,3
防线,3
调查组,3
魏,3
包头,3
北京朝阳医院,3
朝阳医院,3
蒋,3
吃喝,3
工钱,3
善待,3
打算,3
打工,3
余名,3
院校,3
提高警惕,3
共存,3
坦陈,3
对不起,3
积累,3
第三版,3
庙,3
催肥,3
肥大,3
取决,3
取决于,3
大闸,3
大闸蟹,3
胶,3
奇奇,3
奇奇怪怪,3
怪怪,3
怪怪的,3
质,3
小龙,3
小龙虾,3
饲养,3
内幕,3
及格,3
高分,3
一群,3
布局,3
本地人,3
那种,3
点评,3
从不,3
言极,3
大干,3
每月,3
店集,3
299,3
特此说明,3
书面,3
须知,3
纳过,3
检测费,3
桌子,3
转赠,3
签收,3
挖洞,3
战友,3
发图片,3
祖籍,3
住址,3
道融,3
背后,3
普通型,3
长颈,3
长颈鹿,3
只见,3
挂号,3
公鸡,3
邢台,3
武装,3
坐飞机,3
尿不湿,3
湿气,3
密闭性,3
不关,3
前去,3
审讯,3
哺乳期,3
治愈率,3
免疫调节,3
十余,3
优于,3
期待,3
检讨,3
逢,3
侦办,3
弟弟,3
单号,3
无感,3
修理,3
续加,3
江干区,3
并非如此,3
江海,3
签发,3
面相,3
国学,3
依赖,3
平平,3
72,3
展现,3
拓展,3
科研机构,3
本方,3
可下,3
优势,3
空气净化,3
室内外,3
汤阴县,3
伤害案,3
胃部,3
胃,3
接关,3
嘉定,3
服务区,3
83,3
抱抱,3
帮忙,3
要点,3
积聚,3
专访,3
定影,3
冲击,3
绿地,3
改成,3
技师,3
雨雪,3
对开,3
绍兴市,3
市委常委,3
全力以赴,3
大风,3
风吹,3
整改,3
特别强调,3
最新进展,3
斗争,3
人员名单,3
底数,3
平凉,3
经改,3
收收,3
银,3
省区,3
畅,3
外边,3
户外,3
市外,3
摊点,3
袖标,3
许昌,3
许昌市,3
交运,3
溴,3
外空,3
有无,3
拒绝接受,3
追究责任,3
茶陵,3
茶陵县,3
陵县,3
该村,3
任何人,3
初三,3
六年,3
六年级,3
护好,3
不便,3
小于,3
协会会长,3
斥责,3
了断,3
转移,3
篇幅,3
552,3
统计学,3
计学,3
简介,3
撰写,3
造谣惑众,3
惑众,3
批发市场,3
宰杀,3
负荷,3
现状,3
邑,3
氟,3
抗菌素,3
不同于,3
国民,3
可食用,3
活体,3
88,3
附带,3
风范,3
转述,3
屋里,3
南来,3
限量供应,3
清明,3
将相,3
中药材,3
药材,3
蛋清,3
调匀,3
双脚,3
涌泉,3
涌泉穴,3
平躺,3
咬破,3
深信,3
深信不疑,3
家门口,3
裤子,3
四五个,3
属性,3
箱子,3
作怪,3
麻痹,3
麻痹大意,3
千名,3
苏人,3
乱了阵脚,3
阵脚,3
无所遁形,3
遁形,3
添堵,3
吓住,3
转起,3
谣言满天,3
D,3
要同,3
安全事故,3
注意安全,3
不明真相,3
树立,3
立法,3
海口市,3
播放,3
不由,3
三千,3
无可,3
春联,3
负面影响,3
重地,3
024,3
医者,3
仁心,3
及时发现,3
79,3
专科,3
盘龙,3
盘龙城,3
瞬间,3
晕倒,3
盛赞,3
巴林,3
巴林右旗,3
右旗,3
乌兰,3
乌兰牧骑,3
实无,3
阻燃,3
行业标准,3
开火,3
火焰,3
转向,3
隔离法,3
具体来说,3
破损,3
硬质,3
进德,3
绥化市,3
地广,3
望城,3
坡,3
停开,3
全线,3
各站,3
1800020000,3
包吃,3
包吃包住,3
包住,3
永州市,3
关照,3
当即,3
违规行为,3
并立,3
环境部,3
失真,3
威,3
留出,3
教学活动,3
适量,3
多则,3
共青,3
共青团,3
调运,3
自证,3
联络,3
方明,3
周到,3
希尔,3
随队,3
忙碌,3
妇保,3
航机,3
托运,3
十秒钟,3
痉挛,3
阵发,3
阵发性,3
持续性,3
鸣,3
凹陷,3
小伙,3
小伙伴,3
别称,3
同为,3
超人,3
尊重,3
造血,3
病毒灵,3
通流,3
蒜瓣,3
咬,3
一会儿,3
会儿,3
轻松,3
登上,3
耐受,3
除掉,3
饮酒,3
和平,3
性感冒,3
能降,3
交流中心,3
科学技术部,3
技术部,3
被控,3
夏季,3
不入,3
倒卖,3
寄出,3
自演,3
睡觉时,3
紧闭,3
协调一致,3
紧锣密鼓,3
大作,3
版块,3
最常,3
弱碱,3
NaClO,3
丢,3
大功,3
大功率,3
烘干,3
皮肤过敏,3
队医,3
分拣,3
未去,3
楼上,3
呼,3
马路,3
百倍,3
摸来,3
摸来摸去,3
反倒,3
起封,3
永久,3
可看,3
西西,3
国法,3
明文,3
明文规定,3
频次,3
飞向,3
图拉,3
拉曼,3
震撼,3
后半段,3
半段,3
运载,3
载货,3
近来,3
罩,3
工程师,3
囤货,3
学名,3
压下,3
爆炸性,3
高热,3
失调,3
与非,3
首都医科大学,3
真平,3
日益,3
日增,3
操作步骤,3
清清,3
清清楚楚,3
楚楚,3
胸外科,3
即有,3
朝内,3
蘸,3
捏,3
繁衍,3
范畴,3
惧怕,3
轿车,3
相撞,3
烧死,3
肺炎球菌,3
嗜血,3
编出,3
入城,3
受限,3
浙江日报,3
规划师,3
设计者,3
中元,3
建筑师,3
璆,3
溢出,3
乙类,3
接触传染,3
酸奶,3
定作,3
权威人士,3
敬意,3
经合,3
路过,3
某位,3
混乱,3
非正规,3
非官方,3
JXXXXX,3
20200208,3
泰安,3
泰安市,3
杏,3
四中,3
请于,3
行驶证,3
安全带,3
烧饭,3
露,3
置,3
质优,3
现如今,3
分对,3
一般来讲,3
水溶,3
水溶液,3
袋中,3
太仓市,3
闲聊,3
海顺,3
浙南,3
拥挤,3
广铁,3
广铁集团,3
大车,3
心传,3
官渡,3
果品市场,3
义无反顾,3
反顾,3
人山人海,3
人海,3
填表,3
列车,3
建筑用,3
江城,3
摸上去,3
厚实,3
极易,3
楼层,3
触电,3
普通病,3
通病,3
逃到,3
内江,3
普洱,3
海宁,3
口实,3
检查点,3
查点,3
场地,3
南院,3
符合标准,3
钢结构,3
建筑面积,3
计收,3
施工期,3
硬件,3
同科,3
偏,3
寒,3
备,3
硝石,3
木炭,3
Facebook,3
加禄语,3
西岛,3
Youtube,3
总统府,3
近百,3
提早,3
保持良好,3
生活习惯,3
专有,3
专有名词,3
有名,3
非典型,3
有心,3
三十万,3
市运,3
检测仪,3
测仪,3
省公安厅,3
通高,3
粤,3
封掉,3
稍作,3
122,3
面表,3
流向,3
时限,3
分处,3
交通警,3
交通警察,3
警察局,3
现年,3
L0535,3
专用纸,3
海南省,3
各方,3
无数,3
悄悄,3
远距,3
远距离,3
插管,3
频传,3
喝茶,3
山建,3
洗澡,3
高空,3
酸菜鱼,3
演变,3
采取相应,3
处理方式,3
报关,3
跳高,3
逃,3
进城,3
天价,3
赶赴现场,3
散开,3
相似性,3
化分,3
同性,3
热呼,3
里头,3
随地,3
随地吐痰,3
屈,3
鲜,3
烹饪,3
善处,3
物产,3
流浪,3
劝君,3
建议书,3
简便,3
注解,3
习惯性,3
惯性,3
降价,3
数日,3
华表,3
做饭,3
人命,3
新闻频道,3
观众,3
十七,3
找出,3
二十二,3
添乱,3
知晓,3
气氛,3
神秘,3
面,3
副总,3
探望,3
体相,3
会员,3
物业管理,3
同安,3
早报,3
国军,3
军方,3
营,3
韩美,3
韩美军,3
美军基地,3
周边地区,3
边地,3
津,3
副局长,3
刻意,3
拔萝卜,3
定位,3
崩溃,3
渔,3
居于,3
特殊性,3
洋相,3
常务,3
链条,3
清河,3
170,3
一口,3
一口气,3
口气,3
辟,3
气阻,3
尔博士,3
出国,3
不利条件,3
干涉,3
国基,3
国共,3
会计,3
计入,3
准,3
深夜,3
咽部,3
仁医,3
创办,3
二号,3
总监,3
职,3
高层,3
兼,3
套取,3
贪污罪,3
恩施州,3
裁定,3
有声,3
释,3
赏,3
南宁市,3
石门,3
八百,3
坪,3
园内,3
园里,3
外交政策,3
中国人民解放军,3
人民解放军,3
美国政府,3
资深,3
论点,3
点收,3
换句,3
换句话,3
坚强,3
例外,3
铁岭,3
铁岭县,3
卷土重来,3
重来,3
停用,3
ARB,3
邹城,3
新镇,3
宽敞,3
宴会厅,3
会厅,3
整整,3
一米,3
一桌,3
孚,3
房内,3
养,3
遗言,3
轻生,3
桥本,3
圣子,3
官房,3
官房长,3
官房长官,3
长官,3
菅,3
联合国,3
关机,3
利益,3
来不及,3
1940,3
长达,3
开幕,3
一度,3
会期,3
受到感染,3
上周,3
发源地,3
遗址,3
福岛,3
演员,3
冬奥会,3
通讯社,3
丈夫,3
打门,3
进水,3
交警大队,3
村里,3
里人,3
湾,3
传给,3
运回,3
各村,3
中国籍,3
领馆,3
长沙人,3
四天,3
输过,3
购食,3
接发,3
上架,3
挑选,3
打牌,3
求医,3
肢体,3
一幕,3
寻衅,3
寻衅滋事,3
多岁,3
江津,3
配音,3
MERSCoV,3
修订,3
英文,3
文名,3
以往,3
院系,3
带出,3
发来,3
分装,3
马街,3
中旬,3
匈牙利,3
无奈,3
名字,3
续存,3
追堵,3
内存,3
当前情况,3
保罗,3
科特,3
道人,3
牵强,3
霍,3
布金,3
确切,3
港澳,3
港澳台,3
帽子,3
University,3
金融学,3
一点点,3
说服力,3
促销员,3
理论依据,3
局限,3
便利,3
交往,3
血常规,3
新一期,3
端,3
调控,3
99,3
抠,3
果皮,3
伤口,3
老人家,3
钱江晚报,3
太长,3
测报,3
手术,3
细小,3
合性,3
空隙,3
趁机,3
极处,3
黏附,3
逻,3
开到,3
蛋糕,3
蛋糕店,3
一万多,3
万多例,3
不吃,3
圩镇,3
黄河,3
食欲,3
直播,3
门户,3
门户网,3
全员,3
之说,3
购物中心,3
树叶,3
请求,3
不含,3
欠缴,3
取暖费,3
一本,3
上海图书馆,3
海图,3
议论文,3
罕见,3
忽略不计,3
原生,3
Vigorous,3
Cooler,3
泌尿,3
泌尿系,3
胞,3
感受,3
毛细血管,3
肺循环,3
耗尽,3
静脉,3
伤病,3
态,3
T,3
血症,3
租房,3
免租,3
房东,3
倡议,3
月租,3
月租金,3
巴东,3
巴东县,3
塘村,3
团风,3
团风县,3
侵占,3
收货,3
恰好,3
投案,3
投案自首,3
舆论,3
合兴,3
游街,3
现行,3
抨击,3
添油加醋,3
加醋,3
保险,3
不算,3
右侧,3
大比,3
情绪化,3
更远,3
本事,3
二十八,3
月经,3
产科医院,3
被迫,3
妇联,3
安全隐患,3
慌,3
出活,3
俱,3
吃不完,3
矶,3
年底,3
用油,3
工作进展,3
玩偶,3
出车,3
专注,3
芳,3
术语,3
便秘,3
肠胃,3
以使,3
智商,3
更为,3
多美,3
复检,3
接走,3
中国医学科学院,3
阳性率,3
易成,3
安全柜,3
柜内,3
烂,3
库里,3
深入调查,3
安顺,3
台车,3
类物资,3
压,3
202,3
安人,3
备注,3
洪山区,3
设,3
省界,3
设有,3
粮食局,3
益,3
粮食安全,3
库,3
主产,3
主产区,3
产区,3
主销,3
销区,3
定量,3
周转粮,3
为政,3
制约,3
发改委,3
省长,3
心慈,3
司马,3
忌,3
自成,3
汶川,3
发动,3
多达,3
不怎么,3
进程,3
西直门,3
母,3
瓜果,3
八九,3
九十,3
消化系,3
消化系统,3
行规,3
生物武器,3
造出来,3
庄,3
左边,3
弥漫性,3
影,3
学分,3
富含,3
红包,3
一盒,3
拆开,3
哄抬,3
物价,3
白石,3
石龙,3
着陆,3
撤离,3
东亚,3
349,3
荆门市,3
扑灭,3
韩联社,3
联社,3
高龄,3
如不,3
四分,3
院子,3
分内,3
图文,3
实地,3
同城,3
交行,3
分行,3
商业银行,3
标识,3
十条,3
前南,3
植物油,3
饱和,3
中高,3
理事,3
走到,3
有意,3
期刊,3
普法,3
目,3
店里,3
起诉,3
辞退,3
惩罚,3
时说,3
火药,3
判处,3
潜逃,3
没办,3
同日,3
水性,3
参照,3
按说,3
已成,3
生育,3
洋,3
寻,3
阿米,3
阿米巴,3
十分明确,3
初步判断,3
哥伦比亚,3
哥伦比亚大学,3
伦比,3
发明,3
EC50,3
d,3
500mg,3
体重,3
临床经验,3
溶性,3
富集,3
糖基化,3
基化,3
压制,3
失控,3
II,3
颖,3
浙江大学,3
集中学习,3
互助,3
素来,3
大海,3
98,3
二三十,3
压岁,3
压岁钱,3
航线,3
何来,3
倒水,3
混用,3
食品安全,3
全消,3
饮服,3
鸡,3
微波炉,3
完毕,3
举报信,3
坏,3
针对性,3
九台,3
严惩不贷,3
激动,3
爷爷,3
证券,3
制出,3
品,3
公关,3
眼罩,3
开设,3
来临,3
病理学,3
能知,3
淋浴,3
专业人士,3
自主,3
配比,3
净水,3
家规,3
水管,3
管网,3
二次污染,3
武汉协和医院,3
哭喊,3
自用,3
余杭,3
通勤,3
万英镑,3
英镑,3
顶尖,3
加藤,3
金黄,3
金黄色,3
葡萄,3
葡萄球菌,3
可作,3
下周,3
上线,3
殡仪,3
殡仪馆,3
养殖业,3
物业公司,3
须经,3
刺激作用,3
进一步提高,3
中指,3
益阳市,3
急事,3
流媒体,3
Health,3
奔驰车,3
停职,3
江北,3
热心,3
寄件人,3
诚,3
开阔,3
探讨,3
和易,3
杀病毒,3
短文,3
己身,3
提倡,3
配制,3
低烧,3
腋下,3
下体,3
澳大利,3
澳大利亚,3
业,3
确有其事,3
其事,3
阳新,3
江夏区,3
逃逸,3
释放出,3
合在,3
第一阶段,3
自体,3
皮质,3
皮质激素,3
理想,3
放给,3
互补,3
首批,3
节日,3
制,3
人才,3
记住,3
动检,3
内网,3
文中说,3
掐断,3
全家,3
说出,3
高发,3
明知,3
走出,3
控制站,3
树上,3
警方正,3
狡猾,3
三四,3
补齐,3
摸清,3
真菌,3
不得不,3
耽搁,3
米左右,3
独特,3
稳定性,3
明明,3
大悟,3
全县,3
街办,3
香皂,3
甲状腺,3
排风,3
风管,3
有效率,3
rhizoma,3
马兜铃,3
猜,3
固有,3
Chem,3
vitro,3
extracts,3
cortex,3
较弱,3
bronchitis,3
replication,3
安慰剂,3
activity,3
human,3
每毫升,3
毫升,3
染色,3
下结论,3
参考文献,3
勇,3
水路,3
严格遵守,3
一座,3
南京旅游,3
参观,3
游览,3
陵园,3
师证,3
可免,3
动物园,3
甘,3
词汇,3
数千,3
用法,3
孙子,3
赊,3
待定,3
危机,3
骗局,3
馊水,3
初,3
不切,3
不切实际,3
切实际,3
华龙,3
华龙网,3
大年,3
候鸟,3
迁徙,3
重灾,3
重灾区,3
灾区,3
堵住,3
两三,3
难懂,3
列出来,3
迟迟,3
在生活中,3
汉兴,3
汉口,3
下沉,3
行内,3
闵,3
到案,3
营养元素,3
座车,3
餐车,3
拦下,3
International,3
Coronavirus,3
Study,3
Group,3
BioRxiv,3
世界各地,3
bioRxiv,3
病毒科,3
ICTVCSG,3
分类学,3
类比,3
着重,3
机械,3
穴位,3
装卸工,3
具体实施,3
屏障,3
独有,3
阻拦,3
红肿,3
每种,3
等过,3
传代,3
一文,3
997,3
无水,3
同济大学,3
核糖,3
核糖核酸,3
步进,3
西沙,3
沙加,3
耍,3
一楼,3
非本,3
南京大学,3
看不见,3
霾,3
如果说,3
高一,3
贮存,3
原核,3
思,3
思科,3
气口,3
数只,3
物力,3
南华,3
岸边,3
华容,3
跳,3
敲定,3
恐怕,3
电线,3
vdouyincom,3
孝南区,3
陡,3
务工人员,3
Twitter,3
思考,3
监测数据,3
测数据,3
大差,3
认,3
痒,3
深吸气,3
肺纤维化,3
火花,3
顽强,3
建平,3
华中农业大学,3
中农,3
必备,3
必备条件,3
现实情况,3
印,3
人心惶惶,3
惶惶,3
切记,3
空中,3
飞溅,3
熟悉,3
自生,3
七年,3
美国白宫,3
公交公司,3
银山,3
昌平,3
搭乘,3
飞抵,3
十名,3
暖,3
班长,3
忘记,3
收回,3
一氧化碳,3
不适症,3
辩证,3
视为,3
沃尔玛,3
鹿城,3
泉州市,3
荷,3
凤,3
应尽,3
莫名,3
莫名其妙,3
马尔康,3
民声,3
聊城市,3
市辖区,3
城厢,3
城厢区,3
老中,3
母乳,3
转入,3
生命科学,3
没用,3
治疗费,3
广医,3
灼烧,3
丝,3
轨道交通,3
子集,3
照发,3
杨浦,3
网贴,3
天津海关,3
履行职责,3
进口药,3
免税,3
留有,3
陵区,3
河村,3
上河,3
761,3
青年网,3
悼念,3
百济,3
恐怖主义,3
耸人听闻,3
听闻,3
讯息,3
侮辱,3
侮辱性,3
劳,3
室长,3
驳斥,3
人权,3
深表遗憾,3
单易,3
易懂,3
拉人,3
倒地,3
警区,3
帕拉,3
拉尼亚,3
亚克,3
醉酒,3
省人大,3
至关,3
至关重要,3
飞舞,3
中都,3
推论,3
就越,3
老实,3
眉县,3
塘,3
得当,3
装进,3
蒙自,3
村霸,3
驻留,3
第一种,3
第三种,3
要说,3
打个比方,3
平均值,3
均值,3
六枝,3
侦测,3
新城区,3
特多,3
民富,3
自燃,3
到货,3
肤,3
多重,3
路通,3
中广,3
担保,3
芙蓉,3
常青,3
青花,3
生婴儿,3
无碍,3
吸进去,3
法属,3
飘散,3
弥漫着,3
接盘,3
第二周,3
二周,3
便桶,3
渗水,3
6500,3
spike,3
左侧,3
起源,3
起事,3
买点,3
汇通,3
9002030,3
火爆,3
发生爆炸,3
善意,3
下班,3
东兴,3
东兴市,3
宁德,3
浙江籍,3
安民,3
停水,3
九点,3
海报,3
遣返,3
俄方,3
燃爆,3
矛盾,3
取到,3
发在,3
后悔,3
海通,3
即为,3
一对,3
二日,3
1951,3
几十万,3
经纪,3
权力,3
PK,3
会议室,3
病情严重,3
71,3
出错,3
明来,3
可笑,3
制药,3
言官,3
实名制,3
陪同,3
指令,3
寻乌,3
某村,3
江南春,3
货机,3
濉溪,3
信号灯,3
两万人,3
选址,3
或多或少,3
三明市,3
执行公务,3
村镇,3
交警队,3
警队,3
实实,3
冲动,3
生物学家,3
最高级,3
最高级别,3
通俗,3
FDA,3
柳北区,3
商贸,3
商贸城,3
了了,3
学术著作,3
著作,3
祖师,3
乩,3
民家,3
版面,3
施密特,3
纳西,3
西特,3
零售店,3
行市,3
闪电,3
宝马,3
后备,3
后备箱,3
包里,3
宿迁市,3
没出,3
山景,3
联动,3
武川县,3
皮疹,3
甲型,3
舞蹈,3
带到,3
体育部,3
订单,3
施甸县,3
多点,3
铃铛,3
固执,3
俱乐部,3
大庆市,3
葫芦岛,3
东港市,3
绵阳市,3
分国,3
武威,3
海虹,3
抵,3
贺州市,3
韩城市,3
水杨酸,3
西宁,3
徐汇,3
徐汇区,3
原意,3
小作坊,3
福贡,3
退,3
五洞,3
毓璜顶,3
